LOCATION,SUBJECT,MEASURE,FREQUENCY,TIME,Value
AUT,TOT,AGRWTH,M,2017-11,2.26378
AUT,TOT,AGRWTH,M,2017-12,2.15475
AUT,TOT,AGRWTH,M,2018-01,1.768173
AUT,TOT,AGRWTH,M,2018-02,1.762977
AUT,TOT,AGRWTH,M,2018-03,1.851852
AUT,TOT,AGRWTH,M,2018-04,1.848249
AUT,TOT,AGRWTH,M,2018-05,1.943635
AUT,TOT,AGRWTH,M,2018-06,2.038835
AUT,TOT,AGRWTH,M,2018-07,2.142162
AUT,TOT,AGRWTH,M,2018-08,2.241715
AUT,TOT,AGRWTH,M,2018-09,2.027027
AUT,TOT,AGRWTH,M,2018-10,2.217936
AUT,TOT,AGRWTH,M,2018-11,2.213667
AUT,TOT,AGRWTH,M,2018-12,1.917546
AUT,TOT,AGRWTH,M,2019-01,1.833977
AUT,TOT,AGRWTH,M,2019-02,1.539942
AUT,TOT,AGRWTH,M,2019-03,1.818182
AUT,TOT,AGRWTH,M,2019-04,1.719198
AUT,TOT,AGRWTH,M,2019-05,1.71592
AUT,TOT,AGRWTH,M,2019-06,1.617507
AUT,TOT,AGRWTH,M,2019-07,1.429933
AUT,TOT,AGRWTH,M,2019-08,1.525262
AUT,TOT,AGRWTH,M,2019-09,1.229896
AUT,TOT,AGRWTH,M,2019-10,1.132075
AUT,TOT,AGRWTH,M,2019-11,1.129943
AUT,TOT,AGRWTH,M,2019-12,1.693321
AUT,TOT,AGRWTH,M,2020-01,1.990521
AUT,TOT,AGRWTH,M,2020-02,2.180095
AUT,TOT,AGRWTH,M,2020-03,1.597744
AUT,TOT,AGRWTH,M,2020-04,1.502347
AUT,TOT,AGRWTH,M,2020-05,0.656045
AUT,TOT,AGRWTH,M,2020-06,1.123595
AUT,TOT,AGRWTH,M,2020-07,1.691729
AUT,TOT,AGRWTH,M,2020-08,1.408451
AUT,TOT,AGRWTH,M,2020-09,1.401869
AUT,TOT,AGRWTH,M,2020-10,1.30597
AUT,TOT,AGRWTH,M,2020-11,1.303538
AUT,TOT,AGRWTH,M,2020-12,1.20259
BEL,TOT,AGRWTH,M,2017-11,2.069432
BEL,TOT,AGRWTH,M,2017-12,2.134441
BEL,TOT,AGRWTH,M,2018-01,1.706943
BEL,TOT,AGRWTH,M,2018-02,1.480845
BEL,TOT,AGRWTH,M,2018-03,1.391669
BEL,TOT,AGRWTH,M,2018-04,1.522505
BEL,TOT,AGRWTH,M,2018-05,1.819048
BEL,TOT,AGRWTH,M,2018-06,2.079359
BEL,TOT,AGRWTH,M,2018-07,2.168331
BEL,TOT,AGRWTH,M,2018-08,2.24292
BEL,TOT,AGRWTH,M,2018-09,2.349919
BEL,TOT,AGRWTH,M,2018-10,2.751162
BEL,TOT,AGRWTH,M,2018-11,2.775936
BEL,TOT,AGRWTH,M,2018-12,2.335697
BEL,TOT,AGRWTH,M,2019-01,1.98944
BEL,TOT,AGRWTH,M,2019-02,2.165317
BEL,TOT,AGRWTH,M,2019-03,2.331485
BEL,TOT,AGRWTH,M,2019-04,2.080795
BEL,TOT,AGRWTH,M,2019-05,1.88944
BEL,TOT,AGRWTH,M,2019-06,1.728649
BEL,TOT,AGRWTH,M,2019-07,1.424183
BEL,TOT,AGRWTH,M,2019-08,1.264176
BEL,TOT,AGRWTH,M,2019-09,0.7994051
BEL,TOT,AGRWTH,M,2019-10,0.4801034
BEL,TOT,AGRWTH,M,2019-11,0.3871681
BEL,TOT,AGRWTH,M,2019-12,0.7577158
BEL,TOT,AGRWTH,M,2020-01,1.405195
BEL,TOT,AGRWTH,M,2020-02,1.096572
BEL,TOT,AGRWTH,M,2020-03,0.6247129
BEL,TOT,AGRWTH,M,2020-04,0.5692774
BEL,TOT,AGRWTH,M,2020-05,0.4773708
BEL,TOT,AGRWTH,M,2020-06,0.5970423
BEL,TOT,AGRWTH,M,2020-07,0.7342144
BEL,TOT,AGRWTH,M,2020-08,0.8169635
BEL,TOT,AGRWTH,M,2020-09,0.9037256
BEL,TOT,AGRWTH,M,2020-10,0.74428
BEL,TOT,AGRWTH,M,2020-11,0.5142332
BEL,TOT,AGRWTH,M,2020-12,0.4126926
BEL,TOT,AGRWTH,M,2021-01,0.2552648
CAN,TOT,AGRWTH,M,2017-11,2.099533
CAN,TOT,AGRWTH,M,2017-12,1.869159
CAN,TOT,AGRWTH,M,2018-01,1.698842
CAN,TOT,AGRWTH,M,2018-02,2.158828
CAN,TOT,AGRWTH,M,2018-03,2.309469
CAN,TOT,AGRWTH,M,2018-04,2.223926
CAN,TOT,AGRWTH,M,2018-05,2.222222
CAN,TOT,AGRWTH,M,2018-06,2.453988
CAN,TOT,AGRWTH,M,2018-07,2.990798
CAN,TOT,AGRWTH,M,2018-08,2.835249
CAN,TOT,AGRWTH,M,2018-09,2.217125
CAN,TOT,AGRWTH,M,2018-10,2.444614
CAN,TOT,AGRWTH,M,2018-11,1.675552
CAN,TOT,AGRWTH,M,2018-12,1.987768
CAN,TOT,AGRWTH,M,2019-01,1.442673
CAN,TOT,AGRWTH,M,2019-02,1.509434
CAN,TOT,AGRWTH,M,2019-03,1.881114
CAN,TOT,AGRWTH,M,2019-04,2.025506
CAN,TOT,AGRWTH,M,2019-05,2.398801
CAN,TOT,AGRWTH,M,2019-06,2.020958
CAN,TOT,AGRWTH,M,2019-07,2.010424
CAN,TOT,AGRWTH,M,2019-08,1.937407
CAN,TOT,AGRWTH,M,2019-09,1.869858
CAN,TOT,AGRWTH,M,2019-10,1.86428
CAN,TOT,AGRWTH,M,2019-11,2.172285
CAN,TOT,AGRWTH,M,2019-12,2.248876
CAN,TOT,AGRWTH,M,2020-01,2.39521
CAN,TOT,AGRWTH,M,2020-02,2.156134
CAN,TOT,AGRWTH,M,2020-03,0.886263
CAN,TOT,AGRWTH,M,2020-04,-0.2205882
CAN,TOT,AGRWTH,M,2020-05,-0.3660322
CAN,TOT,AGRWTH,M,2020-06,0.6603081
CAN,TOT,AGRWTH,M,2020-07,0.1459854
CAN,TOT,AGRWTH,M,2020-08,0.1461988
CAN,TOT,AGRWTH,M,2020-09,0.51395
CAN,TOT,AGRWTH,M,2020-10,0.658858
CAN,TOT,AGRWTH,M,2020-11,0.9530792
CAN,TOT,AGRWTH,M,2020-12,0.7331378
CAN,TOT,AGRWTH,M,2021-01,1.023392
CZE,TOT,AGRWTH,M,2017-11,2.56917
CZE,TOT,AGRWTH,M,2017-12,2.364532
CZE,TOT,AGRWTH,M,2018-01,2.150538
CZE,TOT,AGRWTH,M,2018-02,1.752678
CZE,TOT,AGRWTH,M,2018-03,1.655307
CZE,TOT,AGRWTH,M,2018-04,1.94742
CZE,TOT,AGRWTH,M,2018-05,2.23518
CZE,TOT,AGRWTH,M,2018-06,2.623907
CZE,TOT,AGRWTH,M,2018-07,2.321083
CZE,TOT,AGRWTH,M,2018-08,2.516941
CZE,TOT,AGRWTH,M,2018-09,2.325581
CZE,TOT,AGRWTH,M,2018-10,2.217936
CZE,TOT,AGRWTH,M,2018-11,2.023121
CZE,TOT,AGRWTH,M,2018-12,2.021174
CZE,TOT,AGRWTH,M,2019-01,2.488038
CZE,TOT,AGRWTH,M,2019-02,2.679426
CZE,TOT,AGRWTH,M,2019-03,2.969349
CZE,TOT,AGRWTH,M,2019-04,2.769819
CZE,TOT,AGRWTH,M,2019-05,2.946768
CZE,TOT,AGRWTH,M,2019-06,2.746212
CZE,TOT,AGRWTH,M,2019-07,2.930057
CZE,TOT,AGRWTH,M,2019-08,2.92729
CZE,TOT,AGRWTH,M,2019-09,2.651515
CZE,TOT,AGRWTH,M,2019-10,2.735849
CZE,TOT,AGRWTH,M,2019-11,3.116147
CZE,TOT,AGRWTH,M,2019-12,3.207547
CZE,TOT,AGRWTH,M,2020-01,3.641457
CZE,TOT,AGRWTH,M,2020-02,3.727866
CZE,TOT,AGRWTH,M,2020-03,3.44186
CZE,TOT,AGRWTH,M,2020-04,3.159851
CZE,TOT,AGRWTH,M,2020-05,2.862419
CZE,TOT,AGRWTH,M,2020-06,3.317972
CZE,TOT,AGRWTH,M,2020-07,3.397613
CZE,TOT,AGRWTH,M,2020-08,3.302752
CZE,TOT,AGRWTH,M,2020-09,3.228782
CZE,TOT,AGRWTH,M,2020-10,2.938476
CZE,TOT,AGRWTH,M,2020-11,2.655678
CZE,TOT,AGRWTH,M,2020-12,2.285192
CZE,TOT,AGRWTH,M,2021-01,2.162162
DNK,TOT,AGRWTH,M,2017-11,1.296112
DNK,TOT,AGRWTH,M,2017-12,0.997009
DNK,TOT,AGRWTH,M,2018-01,0.6979063
DNK,TOT,AGRWTH,M,2018-02,0.5934718
DNK,TOT,AGRWTH,M,2018-03,0.4940712
DNK,TOT,AGRWTH,M,2018-04,0.7889546
DNK,TOT,AGRWTH,M,2018-05,1.085883
DNK,TOT,AGRWTH,M,2018-06,1.086957
DNK,TOT,AGRWTH,M,2018-07,1.078431
DNK,TOT,AGRWTH,M,2018-08,0.9832842
DNK,TOT,AGRWTH,M,2018-09,0.5893909
DNK,TOT,AGRWTH,M,2018-10,0.7850834
DNK,TOT,AGRWTH,M,2018-11,0.7874016
DNK,TOT,AGRWTH,M,2018-12,0.7897335
DNK,TOT,AGRWTH,M,2019-01,1.287129
DNK,TOT,AGRWTH,M,2019-02,1.081613
DNK,TOT,AGRWTH,M,2019-03,1.179941
DNK,TOT,AGRWTH,M,2019-04,0.9784736
DNK,TOT,AGRWTH,M,2019-05,0.6835938
DNK,TOT,AGRWTH,M,2019-06,0.5865102
DNK,TOT,AGRWTH,M,2019-07,0.3879728
DNK,TOT,AGRWTH,M,2019-08,0.3894839
DNK,TOT,AGRWTH,M,2019-09,0.4882813
DNK,TOT,AGRWTH,M,2019-10,0.5842259
DNK,TOT,AGRWTH,M,2019-11,0.6835938
DNK,TOT,AGRWTH,M,2019-12,0.7835456
DNK,TOT,AGRWTH,M,2020-01,0.684262
DNK,TOT,AGRWTH,M,2020-02,0.7782101
DNK,TOT,AGRWTH,M,2020-03,0.3887269
DNK,TOT,AGRWTH,M,2020-04,0
DNK,TOT,AGRWTH,M,2020-05,0
DNK,TOT,AGRWTH,M,2020-06,0.2915452
DNK,TOT,AGRWTH,M,2020-07,0.4830918
DNK,TOT,AGRWTH,M,2020-08,0.484966
DNK,TOT,AGRWTH,M,2020-09,0.5830904
DNK,TOT,AGRWTH,M,2020-10,0.3872217
DNK,TOT,AGRWTH,M,2020-11,0.484966
DNK,TOT,AGRWTH,M,2020-12,0.4859087
DNK,TOT,AGRWTH,M,2021-01,0.5825243
FIN,TOT,AGRWTH,M,2017-11,0.7740399
FIN,TOT,AGRWTH,M,2017-12,0.4850525
FIN,TOT,AGRWTH,M,2018-01,0.7967334
FIN,TOT,AGRWTH,M,2018-02,0.5945303
FIN,TOT,AGRWTH,M,2018-03,0.8126053
FIN,TOT,AGRWTH,M,2018-04,0.7508398
FIN,TOT,AGRWTH,M,2018-05,1.019197
FIN,TOT,AGRWTH,M,2018-06,1.1667
FIN,TOT,AGRWTH,M,2018-07,1.368369
FIN,TOT,AGRWTH,M,2018-08,1.256058
FIN,TOT,AGRWTH,M,2018-09,1.263324
FIN,TOT,AGRWTH,M,2018-10,1.530109
FIN,TOT,AGRWTH,M,2018-11,1.260463
FIN,TOT,AGRWTH,M,2018-12,1.18215
FIN,TOT,AGRWTH,M,2019-01,1.086849
FIN,TOT,AGRWTH,M,2019-02,1.260835
FIN,TOT,AGRWTH,M,2019-03,1.120613
FIN,TOT,AGRWTH,M,2019-04,1.461071
FIN,TOT,AGRWTH,M,2019-05,1.175433
FIN,TOT,AGRWTH,M,2019-06,1.016419
FIN,TOT,AGRWTH,M,2019-07,0.8314584
FIN,TOT,AGRWTH,M,2019-08,1.093964
FIN,TOT,AGRWTH,M,2019-09,0.9161794
FIN,TOT,AGRWTH,M,2019-10,0.7486631
FIN,TOT,AGRWTH,M,2019-11,0.6710104
FIN,TOT,AGRWTH,M,2019-12,0.9151981
FIN,TOT,AGRWTH,M,2020-01,0.9871958
FIN,TOT,AGRWTH,M,2020-02,0.8463035
FIN,TOT,AGRWTH,M,2020-03,0.6027024
FIN,TOT,AGRWTH,M,2020-04,-0.318933
FIN,TOT,AGRWTH,M,2020-05,-0.1645851
FIN,TOT,AGRWTH,M,2020-06,-0.03869969
FIN,TOT,AGRWTH,M,2020-07,0.5917734
FIN,TOT,AGRWTH,M,2020-08,0.2028985
FIN,TOT,AGRWTH,M,2020-09,0.1641878
FIN,TOT,AGRWTH,M,2020-10,0.1833623
FIN,TOT,AGRWTH,M,2020-11,0.2125193
FIN,TOT,AGRWTH,M,2020-12,0.2315485
FIN,TOT,AGRWTH,M,2021-01,0.8904375
FRA,TOT,AGRWTH,M,2017-11,1.175884
FRA,TOT,AGRWTH,M,2017-12,1.19225
FRA,TOT,AGRWTH,M,2018-01,1.334528
FRA,TOT,AGRWTH,M,2018-02,1.183726
FRA,TOT,AGRWTH,M,2018-03,1.561728
FRA,TOT,AGRWTH,M,2018-04,1.639344
FRA,TOT,AGRWTH,M,2018-05,2.023492
FRA,TOT,AGRWTH,M,2018-06,2.023293
FRA,TOT,AGRWTH,M,2018-07,2.287808
FRA,TOT,AGRWTH,M,2018-08,2.25638
FRA,TOT,AGRWTH,M,2018-09,2.20073
FRA,TOT,AGRWTH,M,2018-10,2.20842
FRA,TOT,AGRWTH,M,2018-11,1.891067
FRA,TOT,AGRWTH,M,2018-12,1.590574
FRA,TOT,AGRWTH,M,2019-01,1.238329
FRA,TOT,AGRWTH,M,2019-02,1.317342
FRA,TOT,AGRWTH,M,2019-03,1.109489
FRA,TOT,AGRWTH,M,2019-04,1.263117
FRA,TOT,AGRWTH,M,2019-05,0.9384675
FRA,TOT,AGRWTH,M,2019-06,1.170552
FRA,TOT,AGRWTH,M,2019-07,1.065066
FRA,TOT,AGRWTH,M,2019-08,1.040663
FRA,TOT,AGRWTH,M,2019-09,0.9076864
FRA,TOT,AGRWTH,M,2019-10,0.7620334
FRA,TOT,AGRWTH,M,2019-11,1.034316
FRA,TOT,AGRWTH,M,2019-12,1.45936
FRA,TOT,AGRWTH,M,2020-01,1.485293
FRA,TOT,AGRWTH,M,2020-02,1.426354
FRA,TOT,AGRWTH,M,2020-03,0.6737896
FRA,TOT,AGRWTH,M,2020-04,0.326233
FRA,TOT,AGRWTH,M,2020-05,0.3642289
FRA,TOT,AGRWTH,M,2020-06,0.2008032
FRA,TOT,AGRWTH,M,2020-07,0.7760108
FRA,TOT,AGRWTH,M,2020-08,0.2193401
FRA,TOT,AGRWTH,M,2020-09,0.04784689
FRA,TOT,AGRWTH,M,2020-10,0.04786521
FRA,TOT,AGRWTH,M,2020-11,0.2009185
FRA,TOT,AGRWTH,M,2020-12,-0.01905125
DEU,TOT,AGRWTH,M,2017-11,1.59204
DEU,TOT,AGRWTH,M,2017-12,1.383399
DEU,TOT,AGRWTH,M,2018-01,1.39165
DEU,TOT,AGRWTH,M,2018-02,1.086957
DEU,TOT,AGRWTH,M,2018-03,1.47929
DEU,TOT,AGRWTH,M,2018-04,1.277014
DEU,TOT,AGRWTH,M,2018-05,2.062868
DEU,TOT,AGRWTH,M,2018-06,1.860921
DEU,TOT,AGRWTH,M,2018-07,1.853659
DEU,TOT,AGRWTH,M,2018-08,1.851852
DEU,TOT,AGRWTH,M,2018-09,1.94742
DEU,TOT,AGRWTH,M,2018-10,2.341463
DEU,TOT,AGRWTH,M,2018-11,2.056807
DEU,TOT,AGRWTH,M,2018-12,1.559454
DEU,TOT,AGRWTH,M,2019-01,1.372549
DEU,TOT,AGRWTH,M,2019-02,1.466276
DEU,TOT,AGRWTH,M,2019-03,1.263363
DEU,TOT,AGRWTH,M,2019-04,2.036857
DEU,TOT,AGRWTH,M,2019-05,1.443696
DEU,TOT,AGRWTH,M,2019-06,1.634615
DEU,TOT,AGRWTH,M,2019-07,1.724138
DEU,TOT,AGRWTH,M,2019-08,1.435407
DEU,TOT,AGRWTH,M,2019-09,1.241643
DEU,TOT,AGRWTH,M,2019-10,1.143947
DEU,TOT,AGRWTH,M,2019-11,1.055662
DEU,TOT,AGRWTH,M,2019-12,1.535509
DEU,TOT,AGRWTH,M,2020-01,1.740812
DEU,TOT,AGRWTH,M,2020-02,1.734104
DEU,TOT,AGRWTH,M,2020-03,1.439539
DEU,TOT,AGRWTH,M,2020-04,0.8555133
DEU,TOT,AGRWTH,M,2020-05,0.5692599
DEU,TOT,AGRWTH,M,2020-06,0.8514664
DEU,TOT,AGRWTH,M,2020-07,-0.09416196
DEU,TOT,AGRWTH,M,2020-08,0
DEU,TOT,AGRWTH,M,2020-09,-0.1886792
DEU,TOT,AGRWTH,M,2020-10,-0.1885014
DEU,TOT,AGRWTH,M,2020-11,-0.2849003
DEU,TOT,AGRWTH,M,2020-12,-0.2835539
DEU,TOT,AGRWTH,M,2021-01,1.045627
GRC,TOT,AGRWTH,M,2017-11,1.142597
GRC,TOT,AGRWTH,M,2017-12,0.6521946
GRC,TOT,AGRWTH,M,2018-01,-0.1753042
GRC,TOT,AGRWTH,M,2018-02,0.05949596
GRC,TOT,AGRWTH,M,2018-03,-0.2337637
GRC,TOT,AGRWTH,M,2018-04,0.03723165
GRC,TOT,AGRWTH,M,2018-05,0.6057603
GRC,TOT,AGRWTH,M,2018-06,0.9716138
GRC,TOT,AGRWTH,M,2018-07,0.8519518
GRC,TOT,AGRWTH,M,2018-08,0.9700429
GRC,TOT,AGRWTH,M,2018-09,1.090431
GRC,TOT,AGRWTH,M,2018-10,1.768632
GRC,TOT,AGRWTH,M,2018-11,0.9867453
GRC,TOT,AGRWTH,M,2018-12,0.5631812
GRC,TOT,AGRWTH,M,2019-01,0.4389482
GRC,TOT,AGRWTH,M,2019-02,0.620247
GRC,TOT,AGRWTH,M,2019-03,0.9430231
GRC,TOT,AGRWTH,M,2019-04,1.020313
GRC,TOT,AGRWTH,M,2019-05,0.2272745
GRC,TOT,AGRWTH,M,2019-06,-0.2778766
GRC,TOT,AGRWTH,M,2019-07,0.04659723
GRC,TOT,AGRWTH,M,2019-08,-0.1703579
GRC,TOT,AGRWTH,M,2019-09,-0.07442931
GRC,TOT,AGRWTH,M,2019-10,-0.7118279
GRC,TOT,AGRWTH,M,2019-11,0.2228283
GRC,TOT,AGRWTH,M,2019-12,0.7800956
GRC,TOT,AGRWTH,M,2020-01,0.8631724
GRC,TOT,AGRWTH,M,2020-02,0.2293238
GRC,TOT,AGRWTH,M,2020-03,-0.003773859
GRC,TOT,AGRWTH,M,2020-04,-1.435417
GRC,TOT,AGRWTH,M,2020-05,-1.142167
GRC,TOT,AGRWTH,M,2020-06,-1.569244
GRC,TOT,AGRWTH,M,2020-07,-1.808604
GRC,TOT,AGRWTH,M,2020-08,-1.908609
GRC,TOT,AGRWTH,M,2020-09,-1.982161
GRC,TOT,AGRWTH,M,2020-10,-1.767765
GRC,TOT,AGRWTH,M,2020-11,-2.065083
GRC,TOT,AGRWTH,M,2020-12,-2.320246
GRC,TOT,AGRWTH,M,2021-01,-1.96412
HUN,TOT,AGRWTH,M,2017-11,2.5
HUN,TOT,AGRWTH,M,2017-12,2.1
HUN,TOT,AGRWTH,M,2018-01,2.1
HUN,TOT,AGRWTH,M,2018-02,1.9
HUN,TOT,AGRWTH,M,2018-03,2
HUN,TOT,AGRWTH,M,2018-04,2.3
HUN,TOT,AGRWTH,M,2018-05,2.8
HUN,TOT,AGRWTH,M,2018-06,3.1
HUN,TOT,AGRWTH,M,2018-07,3.4
HUN,TOT,AGRWTH,M,2018-08,3.4
HUN,TOT,AGRWTH,M,2018-09,3.6
HUN,TOT,AGRWTH,M,2018-10,3.8
HUN,TOT,AGRWTH,M,2018-11,3.1
HUN,TOT,AGRWTH,M,2018-12,2.7
HUN,TOT,AGRWTH,M,2019-01,2.7
HUN,TOT,AGRWTH,M,2019-02,3.1
HUN,TOT,AGRWTH,M,2019-03,3.7
HUN,TOT,AGRWTH,M,2019-04,3.9
HUN,TOT,AGRWTH,M,2019-05,3.9
HUN,TOT,AGRWTH,M,2019-06,3.4
HUN,TOT,AGRWTH,M,2019-07,3.3
HUN,TOT,AGRWTH,M,2019-08,3.1
HUN,TOT,AGRWTH,M,2019-09,2.8
HUN,TOT,AGRWTH,M,2019-10,2.9
HUN,TOT,AGRWTH,M,2019-11,3.4
HUN,TOT,AGRWTH,M,2019-12,4
HUN,TOT,AGRWTH,M,2020-01,4.7
HUN,TOT,AGRWTH,M,2020-02,4.4
HUN,TOT,AGRWTH,M,2020-03,3.9
HUN,TOT,AGRWTH,M,2020-04,2.4
HUN,TOT,AGRWTH,M,2020-05,2.2
HUN,TOT,AGRWTH,M,2020-06,2.9
HUN,TOT,AGRWTH,M,2020-07,3.8
HUN,TOT,AGRWTH,M,2020-08,3.9
HUN,TOT,AGRWTH,M,2020-09,3.4
HUN,TOT,AGRWTH,M,2020-10,3
HUN,TOT,AGRWTH,M,2020-11,2.7
HUN,TOT,AGRWTH,M,2020-12,2.7
ISL,TOT,AGRWTH,M,2017-11,1.733313
ISL,TOT,AGRWTH,M,2017-12,1.870849
ISL,TOT,AGRWTH,M,2018-01,2.371442
ISL,TOT,AGRWTH,M,2018-02,2.23723
ISL,TOT,AGRWTH,M,2018-03,2.756066
ISL,TOT,AGRWTH,M,2018-04,2.268235
ISL,TOT,AGRWTH,M,2018-05,1.995368
ISL,TOT,AGRWTH,M,2018-06,2.61825
ISL,TOT,AGRWTH,M,2018-07,2.704568
ISL,TOT,AGRWTH,M,2018-08,2.620306
ISL,TOT,AGRWTH,M,2018-09,2.749057
ISL,TOT,AGRWTH,M,2018-10,2.844474
ISL,TOT,AGRWTH,M,2018-11,3.267375
ISL,TOT,AGRWTH,M,2018-12,3.738919
ISL,TOT,AGRWTH,M,2019-01,3.386141
ISL,TOT,AGRWTH,M,2019-02,2.980616
ISL,TOT,AGRWTH,M,2019-03,2.937778
ISL,TOT,AGRWTH,M,2019-04,3.275407
ISL,TOT,AGRWTH,M,2019-05,3.589122
ISL,TOT,AGRWTH,M,2019-06,3.344101
ISL,TOT,AGRWTH,M,2019-07,3.062952
ISL,TOT,AGRWTH,M,2019-08,3.164997
ISL,TOT,AGRWTH,M,2019-09,2.993297
ISL,TOT,AGRWTH,M,2019-10,2.7844
ISL,TOT,AGRWTH,M,2019-11,2.655934
ISL,TOT,AGRWTH,M,2019-12,2.030462
ISL,TOT,AGRWTH,M,2020-01,1.698286
ISL,TOT,AGRWTH,M,2020-02,2.438648
ISL,TOT,AGRWTH,M,2020-03,2.130863
ISL,TOT,AGRWTH,M,2020-04,2.265598
ISL,TOT,AGRWTH,M,2020-05,2.576473
ISL,TOT,AGRWTH,M,2020-06,2.65082
ISL,TOT,AGRWTH,M,2020-07,3.023342
ISL,TOT,AGRWTH,M,2020-08,3.198588
ISL,TOT,AGRWTH,M,2020-09,3.503318
ISL,TOT,AGRWTH,M,2020-10,3.570388
ISL,TOT,AGRWTH,M,2020-11,3.492636
ISL,TOT,AGRWTH,M,2020-12,3.575357
ISL,TOT,AGRWTH,M,2021-01,4.29919
IRL,TOT,AGRWTH,M,2017-11,0.5
IRL,TOT,AGRWTH,M,2017-12,0.4
IRL,TOT,AGRWTH,M,2018-01,0.201005
IRL,TOT,AGRWTH,M,2018-02,0.4995005
IRL,TOT,AGRWTH,M,2018-03,0.1986097
IRL,TOT,AGRWTH,M,2018-04,-0.3956479
IRL,TOT,AGRWTH,M,2018-05,0.3964321
IRL,TOT,AGRWTH,M,2018-06,0.3960396
IRL,TOT,AGRWTH,M,2018-07,0.7920792
IRL,TOT,AGRWTH,M,2018-08,0.6903353
IRL,TOT,AGRWTH,M,2018-09,0.8928571
IRL,TOT,AGRWTH,M,2018-10,0.8937438
IRL,TOT,AGRWTH,M,2018-11,0.5970149
IRL,TOT,AGRWTH,M,2018-12,0.6972111
IRL,TOT,AGRWTH,M,2019-01,0.7021063
IRL,TOT,AGRWTH,M,2019-02,0.5964215
IRL,TOT,AGRWTH,M,2019-03,1.090188
IRL,TOT,AGRWTH,M,2019-04,1.688183
IRL,TOT,AGRWTH,M,2019-05,0.9871668
IRL,TOT,AGRWTH,M,2019-06,1.084813
IRL,TOT,AGRWTH,M,2019-07,0.4911591
IRL,TOT,AGRWTH,M,2019-08,0.6856024
IRL,TOT,AGRWTH,M,2019-09,0.8849558
IRL,TOT,AGRWTH,M,2019-10,0.6889764
IRL,TOT,AGRWTH,M,2019-11,1.088032
IRL,TOT,AGRWTH,M,2019-12,1.285856
IRL,TOT,AGRWTH,M,2020-01,1.294821
IRL,TOT,AGRWTH,M,2020-02,1.086957
IRL,TOT,AGRWTH,M,2020-03,0.6862745
IRL,TOT,AGRWTH,M,2020-04,-0.09765625
IRL,TOT,AGRWTH,M,2020-05,-0.4887586
IRL,TOT,AGRWTH,M,2020-06,-0.3902439
IRL,TOT,AGRWTH,M,2020-07,-0.3910069
IRL,TOT,AGRWTH,M,2020-08,-0.9727626
IRL,TOT,AGRWTH,M,2020-09,-1.169591
IRL,TOT,AGRWTH,M,2020-10,-1.466276
IRL,TOT,AGRWTH,M,2020-11,-1.076321
IRL,TOT,AGRWTH,M,2020-12,-0.9765625
IRL,TOT,AGRWTH,M,2021-01,-0.1966568
ITA,TOT,AGRWTH,M,2017-11,0.9009009
ITA,TOT,AGRWTH,M,2017-12,0.8973081
ITA,TOT,AGRWTH,M,2018-01,0.8946322
ITA,TOT,AGRWTH,M,2018-02,0.4950495
ITA,TOT,AGRWTH,M,2018-03,0.7920792
ITA,TOT,AGRWTH,M,2018-04,0.4930966
ITA,TOT,AGRWTH,M,2018-05,0.9881423
ITA,TOT,AGRWTH,M,2018-06,1.285856
ITA,TOT,AGRWTH,M,2018-07,1.482213
ITA,TOT,AGRWTH,M,2018-08,1.576355
ITA,TOT,AGRWTH,M,2018-09,1.383399
ITA,TOT,AGRWTH,M,2018-10,1.584158
ITA,TOT,AGRWTH,M,2018-11,1.587302
ITA,TOT,AGRWTH,M,2018-12,1.086957
ITA,TOT,AGRWTH,M,2019-01,0.8866995
ITA,TOT,AGRWTH,M,2019-02,0.9852217
ITA,TOT,AGRWTH,M,2019-03,0.9823183
ITA,TOT,AGRWTH,M,2019-04,1.07949
ITA,TOT,AGRWTH,M,2019-05,0.7827789
ITA,TOT,AGRWTH,M,2019-06,0.6835938
ITA,TOT,AGRWTH,M,2019-07,0.3894839
ITA,TOT,AGRWTH,M,2019-08,0.3879728
ITA,TOT,AGRWTH,M,2019-09,0.2923976
ITA,TOT,AGRWTH,M,2019-10,0.1949318
ITA,TOT,AGRWTH,M,2019-11,0.1953125
ITA,TOT,AGRWTH,M,2019-12,0.4887586
ITA,TOT,AGRWTH,M,2020-01,0.4882813
ITA,TOT,AGRWTH,M,2020-02,0.2926829
ITA,TOT,AGRWTH,M,2020-03,0.09727626
ITA,TOT,AGRWTH,M,2020-04,0
ITA,TOT,AGRWTH,M,2020-05,-0.1941748
ITA,TOT,AGRWTH,M,2020-06,-0.1939864
ITA,TOT,AGRWTH,M,2020-07,-0.3879728
ITA,TOT,AGRWTH,M,2020-08,-0.4830918
ITA,TOT,AGRWTH,M,2020-09,-0.5830904
ITA,TOT,AGRWTH,M,2020-10,-0.2918288
ITA,TOT,AGRWTH,M,2020-11,-0.1949318
ITA,TOT,AGRWTH,M,2020-12,-0.1945525
ITA,TOT,AGRWTH,M,2021-01,0.3887269
JPN,TOT,AGRWTH,M,2017-11,0.6
JPN,TOT,AGRWTH,M,2017-12,1
JPN,TOT,AGRWTH,M,2018-01,1.4
JPN,TOT,AGRWTH,M,2018-02,1.5
JPN,TOT,AGRWTH,M,2018-03,1.1
JPN,TOT,AGRWTH,M,2018-04,0.6
JPN,TOT,AGRWTH,M,2018-05,0.7
JPN,TOT,AGRWTH,M,2018-06,0.7
JPN,TOT,AGRWTH,M,2018-07,0.9
JPN,TOT,AGRWTH,M,2018-08,1.3
JPN,TOT,AGRWTH,M,2018-09,1.2
JPN,TOT,AGRWTH,M,2018-10,1.4
JPN,TOT,AGRWTH,M,2018-11,0.8
JPN,TOT,AGRWTH,M,2018-12,0.3
JPN,TOT,AGRWTH,M,2019-01,0.2
JPN,TOT,AGRWTH,M,2019-02,0.2
JPN,TOT,AGRWTH,M,2019-03,0.5
JPN,TOT,AGRWTH,M,2019-04,0.9
JPN,TOT,AGRWTH,M,2019-05,0.7
JPN,TOT,AGRWTH,M,2019-06,0.7
JPN,TOT,AGRWTH,M,2019-07,0.5
JPN,TOT,AGRWTH,M,2019-08,0.3
JPN,TOT,AGRWTH,M,2019-09,0.2
JPN,TOT,AGRWTH,M,2019-10,0.2
JPN,TOT,AGRWTH,M,2019-11,0.5
JPN,TOT,AGRWTH,M,2019-12,0.8
JPN,TOT,AGRWTH,M,2020-01,0.7
JPN,TOT,AGRWTH,M,2020-02,0.4
JPN,TOT,AGRWTH,M,2020-03,0.4
JPN,TOT,AGRWTH,M,2020-04,0.1
JPN,TOT,AGRWTH,M,2020-05,0.1
JPN,TOT,AGRWTH,M,2020-06,0.1
JPN,TOT,AGRWTH,M,2020-07,0.3
JPN,TOT,AGRWTH,M,2020-08,0.2
JPN,TOT,AGRWTH,M,2020-09,0
JPN,TOT,AGRWTH,M,2020-10,-0.4
JPN,TOT,AGRWTH,M,2020-11,-0.9
JPN,TOT,AGRWTH,M,2020-12,-1.2
JPN,TOT,AGRWTH,M,2021-01,-0.6
KOR,TOT,AGRWTH,M,2017-11,1.153278
KOR,TOT,AGRWTH,M,2017-12,1.408035
KOR,TOT,AGRWTH,M,2018-01,0.7599376
KOR,TOT,AGRWTH,M,2018-02,1.253401
KOR,TOT,AGRWTH,M,2018-03,1.215362
KOR,TOT,AGRWTH,M,2018-04,1.528427
KOR,TOT,AGRWTH,M,2018-05,1.468443
KOR,TOT,AGRWTH,M,2018-06,1.481337
KOR,TOT,AGRWTH,M,2018-07,1.118895
KOR,TOT,AGRWTH,M,2018-08,1.43175
KOR,TOT,AGRWTH,M,2018-09,2.087158
KOR,TOT,AGRWTH,M,2018-10,2.002128
KOR,TOT,AGRWTH,M,2018-11,2.03664
KOR,TOT,AGRWTH,M,2018-12,1.320517
KOR,TOT,AGRWTH,M,2019-01,0.7928834
KOR,TOT,AGRWTH,M,2019-02,0.4606084
KOR,TOT,AGRWTH,M,2019-03,0.3746398
KOR,TOT,AGRWTH,M,2019-04,0.5561416
KOR,TOT,AGRWTH,M,2019-05,0.6804677
KOR,TOT,AGRWTH,M,2019-06,0.7202535
KOR,TOT,AGRWTH,M,2019-07,0.6061772
KOR,TOT,AGRWTH,M,2019-08,-0.03814974
KOR,TOT,AGRWTH,M,2019-09,-0.4259347
KOR,TOT,AGRWTH,M,2019-10,0
KOR,TOT,AGRWTH,M,2019-11,0.152803
KOR,TOT,AGRWTH,M,2019-12,0.7379013
KOR,TOT,AGRWTH,M,2020-01,1.486953
KOR,TOT,AGRWTH,M,2020-02,1.060273
KOR,TOT,AGRWTH,M,2020-03,1.004881
KOR,TOT,AGRWTH,M,2020-04,0.07628492
KOR,TOT,AGRWTH,M,2020-05,-0.3236554
KOR,TOT,AGRWTH,M,2020-06,-0.009534706
KOR,TOT,AGRWTH,M,2020-07,0.2869166
KOR,TOT,AGRWTH,M,2020-08,0.6583341
KOR,TOT,AGRWTH,M,2020-09,0.9505703
KOR,TOT,AGRWTH,M,2020-10,0.142234
KOR,TOT,AGRWTH,M,2020-11,0.6007438
KOR,TOT,AGRWTH,M,2020-12,0.5232115
KOR,TOT,AGRWTH,M,2021-01,0.6427829
LUX,TOT,AGRWTH,M,2017-11,1.537698
LUX,TOT,AGRWTH,M,2017-12,1.355899
LUX,TOT,AGRWTH,M,2018-01,1.135571
LUX,TOT,AGRWTH,M,2018-02,1.021912
LUX,TOT,AGRWTH,M,2018-03,1.100413
LUX,TOT,AGRWTH,M,2018-04,1.068209
LUX,TOT,AGRWTH,M,2018-05,1.331767
LUX,TOT,AGRWTH,M,2018-06,1.448566
LUX,TOT,AGRWTH,M,2018-07,1.458703
LUX,TOT,AGRWTH,M,2018-08,1.616673
LUX,TOT,AGRWTH,M,2018-09,2.009364
LUX,TOT,AGRWTH,M,2018-10,2.00721
LUX,TOT,AGRWTH,M,2018-11,2.256961
LUX,TOT,AGRWTH,M,2018-12,1.865052
LUX,TOT,AGRWTH,M,2019-01,1.84182
LUX,TOT,AGRWTH,M,2019-02,2.100963
LUX,TOT,AGRWTH,M,2019-03,2.176871
LUX,TOT,AGRWTH,M,2019-04,2.13323
LUX,TOT,AGRWTH,M,2019-05,2.068033
LUX,TOT,AGRWTH,M,2019-06,1.833092
LUX,TOT,AGRWTH,M,2019-07,1.836021
LUX,TOT,AGRWTH,M,2019-08,1.648457
LUX,TOT,AGRWTH,M,2019-09,1.262192
LUX,TOT,AGRWTH,M,2019-10,1.146241
LUX,TOT,AGRWTH,M,2019-11,1.213453
LUX,TOT,AGRWTH,M,2019-12,1.687117
LUX,TOT,AGRWTH,M,2020-01,1.934236
LUX,TOT,AGRWTH,M,2020-02,1.676669
LUX,TOT,AGRWTH,M,2020-03,0.8560015
LUX,TOT,AGRWTH,M,2020-04,0.6171081
LUX,TOT,AGRWTH,M,2020-05,0.1893581
LUX,TOT,AGRWTH,M,2020-06,0.7484605
LUX,TOT,AGRWTH,M,2020-07,0.9443861
LUX,TOT,AGRWTH,M,2020-08,0.5940034
LUX,TOT,AGRWTH,M,2020-09,0.6798867
LUX,TOT,AGRWTH,M,2020-10,0.6610634
LUX,TOT,AGRWTH,M,2020-11,0.4153686
LUX,TOT,AGRWTH,M,2020-12,0.556184
LUX,TOT,AGRWTH,M,2021-01,1.878558
MEX,TOT,AGRWTH,M,2017-11,6.634523
MEX,TOT,AGRWTH,M,2017-12,6.773048
MEX,TOT,AGRWTH,M,2018-01,5.545835
MEX,TOT,AGRWTH,M,2018-02,5.339217
MEX,TOT,AGRWTH,M,2018-03,5.035412
MEX,TOT,AGRWTH,M,2018-04,4.550784
MEX,TOT,AGRWTH,M,2018-05,4.506269
MEX,TOT,AGRWTH,M,2018-06,4.646858
MEX,TOT,AGRWTH,M,2018-07,4.811406
MEX,TOT,AGRWTH,M,2018-08,4.904528
MEX,TOT,AGRWTH,M,2018-09,5.019574
MEX,TOT,AGRWTH,M,2018-10,4.903636
MEX,TOT,AGRWTH,M,2018-11,4.716534
MEX,TOT,AGRWTH,M,2018-12,4.830546
MEX,TOT,AGRWTH,M,2019-01,4.365606
MEX,TOT,AGRWTH,M,2019-02,3.940276
MEX,TOT,AGRWTH,M,2019-03,4.004178
MEX,TOT,AGRWTH,M,2019-04,4.413454
MEX,TOT,AGRWTH,M,2019-05,4.281993
MEX,TOT,AGRWTH,M,2019-06,3.947147
MEX,TOT,AGRWTH,M,2019-07,3.781338
MEX,TOT,AGRWTH,M,2019-08,3.162441
MEX,TOT,AGRWTH,M,2019-09,2.997513
MEX,TOT,AGRWTH,M,2019-10,3.019519
MEX,TOT,AGRWTH,M,2019-11,2.974497
MEX,TOT,AGRWTH,M,2019-12,2.828577
MEX,TOT,AGRWTH,M,2020-01,3.238352
MEX,TOT,AGRWTH,M,2020-02,3.696194
MEX,TOT,AGRWTH,M,2020-03,3.249063
MEX,TOT,AGRWTH,M,2020-04,2.148149
MEX,TOT,AGRWTH,M,2020-05,2.837271
MEX,TOT,AGRWTH,M,2020-06,3.334011
MEX,TOT,AGRWTH,M,2020-07,3.623405
MEX,TOT,AGRWTH,M,2020-08,4.048423
MEX,TOT,AGRWTH,M,2020-09,4.013777
MEX,TOT,AGRWTH,M,2020-10,4.086964
MEX,TOT,AGRWTH,M,2020-11,3.331878
MEX,TOT,AGRWTH,M,2020-12,3.150074
MEX,TOT,AGRWTH,M,2021-01,3.535093
NLD,TOT,AGRWTH,M,2017-11,1.502637
NLD,TOT,AGRWTH,M,2017-12,1.251117
NLD,TOT,AGRWTH,M,2018-01,1.464873
NLD,TOT,AGRWTH,M,2018-02,1.206845
NLD,TOT,AGRWTH,M,2018-03,1.015379
NLD,TOT,AGRWTH,M,2018-04,1.10806
NLD,TOT,AGRWTH,M,2018-05,1.741269
NLD,TOT,AGRWTH,M,2018-06,1.706619
NLD,TOT,AGRWTH,M,2018-07,2.125159
NLD,TOT,AGRWTH,M,2018-08,2.082722
NLD,TOT,AGRWTH,M,2018-09,1.881799
NLD,TOT,AGRWTH,M,2018-10,2.104336
NLD,TOT,AGRWTH,M,2018-11,2.029412
NLD,TOT,AGRWTH,M,2018-12,1.961361
NLD,TOT,AGRWTH,M,2019-01,2.19014
NLD,TOT,AGRWTH,M,2019-02,2.599941
NLD,TOT,AGRWTH,M,2019-03,2.830097
NLD,TOT,AGRWTH,M,2019-04,2.880419
NLD,TOT,AGRWTH,M,2019-05,2.436666
NLD,TOT,AGRWTH,M,2019-06,2.657614
NLD,TOT,AGRWTH,M,2019-07,2.512466
NLD,TOT,AGRWTH,M,2019-08,2.844828
NLD,TOT,AGRWTH,M,2019-09,2.645503
NLD,TOT,AGRWTH,M,2019-10,2.722393
NLD,TOT,AGRWTH,M,2019-11,2.555972
NLD,TOT,AGRWTH,M,2019-12,2.721939
NLD,TOT,AGRWTH,M,2020-01,1.845267
NLD,TOT,AGRWTH,M,2020-02,1.590931
NLD,TOT,AGRWTH,M,2020-03,1.404574
NLD,TOT,AGRWTH,M,2020-04,1.187783
NLD,TOT,AGRWTH,M,2020-05,1.170474
NLD,TOT,AGRWTH,M,2020-06,1.577853
NLD,TOT,AGRWTH,M,2020-07,1.674462
NLD,TOT,AGRWTH,M,2020-08,0.7078328
NLD,TOT,AGRWTH,M,2020-09,1.105904
NLD,TOT,AGRWTH,M,2020-10,1.222471
NLD,TOT,AGRWTH,M,2020-11,0.8245105
NLD,TOT,AGRWTH,M,2020-12,0.9831461
NLD,TOT,AGRWTH,M,2021-01,1.557045
NOR,TOT,AGRWTH,M,2017-11,1.143947
NOR,TOT,AGRWTH,M,2017-12,1.628353
NOR,TOT,AGRWTH,M,2018-01,1.629914
NOR,TOT,AGRWTH,M,2018-02,2.196753
NOR,TOT,AGRWTH,M,2018-03,2.190476
NOR,TOT,AGRWTH,M,2018-04,2.376426
NOR,TOT,AGRWTH,M,2018-05,2.27704
NOR,TOT,AGRWTH,M,2018-06,2.551985
NOR,TOT,AGRWTH,M,2018-07,3.016023
NOR,TOT,AGRWTH,M,2018-08,3.418803
NOR,TOT,AGRWTH,M,2018-09,3.399433
NOR,TOT,AGRWTH,M,2018-10,3.113208
NOR,TOT,AGRWTH,M,2018-11,3.487276
NOR,TOT,AGRWTH,M,2018-12,3.487276
NOR,TOT,AGRWTH,M,2019-01,3.113208
NOR,TOT,AGRWTH,M,2019-02,2.990654
NOR,TOT,AGRWTH,M,2019-03,2.889096
NOR,TOT,AGRWTH,M,2019-04,2.878366
NOR,TOT,AGRWTH,M,2019-05,2.504638
NOR,TOT,AGRWTH,M,2019-06,1.935484
NOR,TOT,AGRWTH,M,2019-07,1.921317
NOR,TOT,AGRWTH,M,2019-08,1.561065
NOR,TOT,AGRWTH,M,2019-09,1.461187
NOR,TOT,AGRWTH,M,2019-10,1.829826
NOR,TOT,AGRWTH,M,2019-11,1.639344
NOR,TOT,AGRWTH,M,2019-12,1.36612
NOR,TOT,AGRWTH,M,2020-01,1.829826
NOR,TOT,AGRWTH,M,2020-02,0.907441
NOR,TOT,AGRWTH,M,2020-03,0.7246377
NOR,TOT,AGRWTH,M,2020-04,0.8122744
NOR,TOT,AGRWTH,M,2020-05,1.266968
NOR,TOT,AGRWTH,M,2020-06,1.356239
NOR,TOT,AGRWTH,M,2020-07,1.346499
NOR,TOT,AGRWTH,M,2020-08,1.717902
NOR,TOT,AGRWTH,M,2020-09,1.620162
NOR,TOT,AGRWTH,M,2020-10,1.707098
NOR,TOT,AGRWTH,M,2020-11,0.7168459
NOR,TOT,AGRWTH,M,2020-12,1.437556
NOR,TOT,AGRWTH,M,2021-01,2.515723
POL,TOT,AGRWTH,M,2017-11,2.5
POL,TOT,AGRWTH,M,2017-12,2.1
POL,TOT,AGRWTH,M,2018-01,1.9
POL,TOT,AGRWTH,M,2018-02,1.4
POL,TOT,AGRWTH,M,2018-03,1.3
POL,TOT,AGRWTH,M,2018-04,1.6
POL,TOT,AGRWTH,M,2018-05,1.7
POL,TOT,AGRWTH,M,2018-06,2
POL,TOT,AGRWTH,M,2018-07,2
POL,TOT,AGRWTH,M,2018-08,2
POL,TOT,AGRWTH,M,2018-09,1.9
POL,TOT,AGRWTH,M,2018-10,1.8
POL,TOT,AGRWTH,M,2018-11,1.3
POL,TOT,AGRWTH,M,2018-12,1.1
POL,TOT,AGRWTH,M,2019-01,0.7
POL,TOT,AGRWTH,M,2019-02,1.2
POL,TOT,AGRWTH,M,2019-03,1.7
POL,TOT,AGRWTH,M,2019-04,2.2
POL,TOT,AGRWTH,M,2019-05,2.4
POL,TOT,AGRWTH,M,2019-06,2.6
POL,TOT,AGRWTH,M,2019-07,2.9
POL,TOT,AGRWTH,M,2019-08,2.9
POL,TOT,AGRWTH,M,2019-09,2.6
POL,TOT,AGRWTH,M,2019-10,2.5
POL,TOT,AGRWTH,M,2019-11,2.6
POL,TOT,AGRWTH,M,2019-12,3.4
POL,TOT,AGRWTH,M,2020-01,4.3
POL,TOT,AGRWTH,M,2020-02,4.7
POL,TOT,AGRWTH,M,2020-03,4.6
POL,TOT,AGRWTH,M,2020-04,3.4
POL,TOT,AGRWTH,M,2020-05,2.9
POL,TOT,AGRWTH,M,2020-06,3.3
POL,TOT,AGRWTH,M,2020-07,3
POL,TOT,AGRWTH,M,2020-08,2.9
POL,TOT,AGRWTH,M,2020-09,3.2
POL,TOT,AGRWTH,M,2020-10,3.1
POL,TOT,AGRWTH,M,2020-11,3
POL,TOT,AGRWTH,M,2020-12,2.4
PRT,TOT,AGRWTH,M,2017-11,1.549593
PRT,TOT,AGRWTH,M,2017-12,1.466212
PRT,TOT,AGRWTH,M,2018-01,1.031868
PRT,TOT,AGRWTH,M,2018-02,0.5772307
PRT,TOT,AGRWTH,M,2018-03,0.6883623
PRT,TOT,AGRWTH,M,2018-04,0.3965452
PRT,TOT,AGRWTH,M,2018-05,1.043151
PRT,TOT,AGRWTH,M,2018-06,1.516538
PRT,TOT,AGRWTH,M,2018-07,1.575729
PRT,TOT,AGRWTH,M,2018-08,1.216979
PRT,TOT,AGRWTH,M,2018-09,1.397746
PRT,TOT,AGRWTH,M,2018-10,0.9586179
PRT,TOT,AGRWTH,M,2018-11,0.8581024
PRT,TOT,AGRWTH,M,2018-12,0.6642454
PRT,TOT,AGRWTH,M,2019-01,0.4758354
PRT,TOT,AGRWTH,M,2019-02,0.9394077
PRT,TOT,AGRWTH,M,2019-03,0.8465701
PRT,TOT,AGRWTH,M,2019-04,0.7706906
PRT,TOT,AGRWTH,M,2019-05,0.4212041
PRT,TOT,AGRWTH,M,2019-06,0.3873739
PRT,TOT,AGRWTH,M,2019-07,-0.3154666
PRT,TOT,AGRWTH,M,2019-08,-0.08519042
PRT,TOT,AGRWTH,M,2019-09,-0.1120014
PRT,TOT,AGRWTH,M,2019-10,0.01533022
PRT,TOT,AGRWTH,M,2019-11,0.3166445
PRT,TOT,AGRWTH,M,2019-12,0.4196492
PRT,TOT,AGRWTH,M,2020-01,0.7997188
PRT,TOT,AGRWTH,M,2020-02,0.3797035
PRT,TOT,AGRWTH,M,2020-03,0.04711765
PRT,TOT,AGRWTH,M,2020-04,-0.218923
PRT,TOT,AGRWTH,M,2020-05,-0.7242223
PRT,TOT,AGRWTH,M,2020-06,0.1251242
PRT,TOT,AGRWTH,M,2020-07,0.142264
PRT,TOT,AGRWTH,M,2020-08,-0.01162678
PRT,TOT,AGRWTH,M,2020-09,-0.1399191
PRT,TOT,AGRWTH,M,2020-10,-0.07184941
PRT,TOT,AGRWTH,M,2020-11,-0.2206637
PRT,TOT,AGRWTH,M,2020-12,-0.2296024
PRT,TOT,AGRWTH,M,2021-01,0.301269
SVK,TOT,AGRWTH,M,2017-11,1.903008
SVK,TOT,AGRWTH,M,2017-12,1.840491
SVK,TOT,AGRWTH,M,2018-01,2.44798
SVK,TOT,AGRWTH,M,2018-02,2.131547
SVK,TOT,AGRWTH,M,2018-03,2.439024
SVK,TOT,AGRWTH,M,2018-04,2.923264
SVK,TOT,AGRWTH,M,2018-05,2.673147
SVK,TOT,AGRWTH,M,2018-06,2.794654
SVK,TOT,AGRWTH,M,2018-07,2.610807
SVK,TOT,AGRWTH,M,2018-08,2.853673
SVK,TOT,AGRWTH,M,2018-09,2.727273
SVK,TOT,AGRWTH,M,2018-10,2.477341
SVK,TOT,AGRWTH,M,2018-11,2.108434
SVK,TOT,AGRWTH,M,2018-12,1.987952
SVK,TOT,AGRWTH,M,2019-01,2.210275
SVK,TOT,AGRWTH,M,2019-02,2.265951
SVK,TOT,AGRWTH,M,2019-03,2.678571
SVK,TOT,AGRWTH,M,2019-04,2.307692
SVK,TOT,AGRWTH,M,2019-05,2.662722
SVK,TOT,AGRWTH,M,2019-06,2.600473
SVK,TOT,AGRWTH,M,2019-07,2.840237
SVK,TOT,AGRWTH,M,2019-08,2.83353
SVK,TOT,AGRWTH,M,2019-09,2.890856
SVK,TOT,AGRWTH,M,2019-10,2.771226
SVK,TOT,AGRWTH,M,2019-11,2.949852
SVK,TOT,AGRWTH,M,2019-12,2.953337
SVK,TOT,AGRWTH,M,2020-01,3.039158
SVK,TOT,AGRWTH,M,2020-02,2.915452
SVK,TOT,AGRWTH,M,2020-03,2.318841
SVK,TOT,AGRWTH,M,2020-04,2.082128
SVK,TOT,AGRWTH,M,2020-05,1.959654
SVK,TOT,AGRWTH,M,2020-06,1.785714
SVK,TOT,AGRWTH,M,2020-07,1.783659
SVK,TOT,AGRWTH,M,2020-08,1.435132
SVK,TOT,AGRWTH,M,2020-09,1.376147
SVK,TOT,AGRWTH,M,2020-10,1.549053
SVK,TOT,AGRWTH,M,2020-11,1.489971
SVK,TOT,AGRWTH,M,2020-12,1.549053
ESP,TOT,AGRWTH,M,2017-11,1.665895
ESP,TOT,AGRWTH,M,2017-12,1.112211
ESP,TOT,AGRWTH,M,2018-01,0.5744522
ESP,TOT,AGRWTH,M,2018-02,1.07395
ESP,TOT,AGRWTH,M,2018-03,1.214627
ESP,TOT,AGRWTH,M,2018-04,1.07864
ESP,TOT,AGRWTH,M,2018-05,2.051739
ESP,TOT,AGRWTH,M,2018-06,2.274264
ESP,TOT,AGRWTH,M,2018-07,2.246648
ESP,TOT,AGRWTH,M,2018-08,2.189005
ESP,TOT,AGRWTH,M,2018-09,2.259904
ESP,TOT,AGRWTH,M,2018-10,2.262633
ESP,TOT,AGRWTH,M,2018-11,1.686107
ESP,TOT,AGRWTH,M,2018-12,1.183323
ESP,TOT,AGRWTH,M,2019-01,0.9797102
ESP,TOT,AGRWTH,M,2019-02,1.089934
ESP,TOT,AGRWTH,M,2019-03,1.337842
ESP,TOT,AGRWTH,M,2019-04,1.520732
ESP,TOT,AGRWTH,M,2019-05,0.8097671
ESP,TOT,AGRWTH,M,2019-06,0.4292175
ESP,TOT,AGRWTH,M,2019-07,0.5268846
ESP,TOT,AGRWTH,M,2019-08,0.3276287
ESP,TOT,AGRWTH,M,2019-09,0.08363052
ESP,TOT,AGRWTH,M,2019-10,0.1285824
ESP,TOT,AGRWTH,M,2019-11,0.408101
ESP,TOT,AGRWTH,M,2019-12,0.7882764
ESP,TOT,AGRWTH,M,2020-01,1.097302
ESP,TOT,AGRWTH,M,2020-02,0.7316931
ESP,TOT,AGRWTH,M,2020-03,-0.01832244
ESP,TOT,AGRWTH,M,2020-04,-0.716993
ESP,TOT,AGRWTH,M,2020-05,-0.9157003
ESP,TOT,AGRWTH,M,2020-06,-0.3415248
ESP,TOT,AGRWTH,M,2020-07,-0.6201164
ESP,TOT,AGRWTH,M,2020-08,-0.5196127
ESP,TOT,AGRWTH,M,2020-09,-0.3697799
ESP,TOT,AGRWTH,M,2020-10,-0.8095048
ESP,TOT,AGRWTH,M,2020-11,-0.8138342
ESP,TOT,AGRWTH,M,2020-12,-0.5321777
ESP,TOT,AGRWTH,M,2021-01,0.4568051
SWE,TOT,AGRWTH,M,2017-11,1.867337
SWE,TOT,AGRWTH,M,2017-12,1.736111
SWE,TOT,AGRWTH,M,2018-01,1.577953
SWE,TOT,AGRWTH,M,2018-02,1.607606
SWE,TOT,AGRWTH,M,2018-03,1.901902
SWE,TOT,AGRWTH,M,2018-04,1.729178
SWE,TOT,AGRWTH,M,2018-05,1.902157
SWE,TOT,AGRWTH,M,2018-06,2.06541
SWE,TOT,AGRWTH,M,2018-07,2.051345
SWE,TOT,AGRWTH,M,2018-08,1.995792
SWE,TOT,AGRWTH,M,2018-09,2.323713
SWE,TOT,AGRWTH,M,2018-10,2.269775
SWE,TOT,AGRWTH,M,2018-11,1.962721
SWE,TOT,AGRWTH,M,2018-12,2.041632
SWE,TOT,AGRWTH,M,2019-01,1.875911
SWE,TOT,AGRWTH,M,2019-02,1.893065
SWE,TOT,AGRWTH,M,2019-03,1.851056
SWE,TOT,AGRWTH,M,2019-04,2.143075
SWE,TOT,AGRWTH,M,2019-05,2.162508
SWE,TOT,AGRWTH,M,2019-06,1.780172
SWE,TOT,AGRWTH,M,2019-07,1.65592
SWE,TOT,AGRWTH,M,2019-08,1.444043
SWE,TOT,AGRWTH,M,2019-09,1.452558
SWE,TOT,AGRWTH,M,2019-10,1.608611
SWE,TOT,AGRWTH,M,2019-11,1.803874
SWE,TOT,AGRWTH,M,2019-12,1.750685
SWE,TOT,AGRWTH,M,2020-01,1.296567
SWE,TOT,AGRWTH,M,2020-02,1.042233
SWE,TOT,AGRWTH,M,2020-03,0.6389584
SWE,TOT,AGRWTH,M,2020-04,-0.3621562
SWE,TOT,AGRWTH,M,2020-05,-0.01194208
SWE,TOT,AGRWTH,M,2020-06,0.7085837
SWE,TOT,AGRWTH,M,2020-07,0.5270995
SWE,TOT,AGRWTH,M,2020-08,0.8014594
SWE,TOT,AGRWTH,M,2020-09,0.3929156
SWE,TOT,AGRWTH,M,2020-10,0.2767528
SWE,TOT,AGRWTH,M,2020-11,0.1902723
SWE,TOT,AGRWTH,M,2020-12,0.4915897
SWE,TOT,AGRWTH,M,2021-01,1.583439
CHE,TOT,AGRWTH,M,2017-11,0.7870397
CHE,TOT,AGRWTH,M,2017-12,0.8387053
CHE,TOT,AGRWTH,M,2018-01,0.7402101
CHE,TOT,AGRWTH,M,2018-02,0.6281072
CHE,TOT,AGRWTH,M,2018-03,0.7953932
CHE,TOT,AGRWTH,M,2018-04,0.8031968
CHE,TOT,AGRWTH,M,2018-05,0.9992394
CHE,TOT,AGRWTH,M,2018-06,1.146591
CHE,TOT,AGRWTH,M,2018-07,1.230301
CHE,TOT,AGRWTH,M,2018-08,1.181087
CHE,TOT,AGRWTH,M,2018-09,0.9894733
CHE,TOT,AGRWTH,M,2018-10,1.106587
CHE,TOT,AGRWTH,M,2018-11,0.9219926
CHE,TOT,AGRWTH,M,2018-12,0.6914908
CHE,TOT,AGRWTH,M,2019-01,0.5600928
CHE,TOT,AGRWTH,M,2019-02,0.5785826
CHE,TOT,AGRWTH,M,2019-03,0.7290729
CHE,TOT,AGRWTH,M,2019-04,0.7080104
CHE,TOT,AGRWTH,M,2019-05,0.6342693
CHE,TOT,AGRWTH,M,2019-06,0.600248
CHE,TOT,AGRWTH,M,2019-07,0.3118107
CHE,TOT,AGRWTH,M,2019-08,0.3179044
CHE,TOT,AGRWTH,M,2019-09,0.1483133
CHE,TOT,AGRWTH,M,2019-10,-0.253111
CHE,TOT,AGRWTH,M,2019-11,-0.1311894
CHE,TOT,AGRWTH,M,2019-12,0.1557662
CHE,TOT,AGRWTH,M,2020-01,0.2022912
CHE,TOT,AGRWTH,M,2020-02,-0.06220843
CHE,TOT,AGRWTH,M,2020-03,-0.5151643
CHE,TOT,AGRWTH,M,2020-04,-1.062972
CHE,TOT,AGRWTH,M,2020-05,-1.324572
CHE,TOT,AGRWTH,M,2020-06,-1.274768
CHE,TOT,AGRWTH,M,2020-07,-0.9198853
CHE,TOT,AGRWTH,M,2020-08,-0.8661587
CHE,TOT,AGRWTH,M,2020-09,-0.7998837
CHE,TOT,AGRWTH,M,2020-10,-0.5703256
CHE,TOT,AGRWTH,M,2020-11,-0.6847875
CHE,TOT,AGRWTH,M,2020-12,-0.8138226
CHE,TOT,AGRWTH,M,2021-01,-0.5443183
TUR,TOT,AGRWTH,M,2017-11,12.98426
TUR,TOT,AGRWTH,M,2017-12,11.91974
TUR,TOT,AGRWTH,M,2018-01,10.34563
TUR,TOT,AGRWTH,M,2018-02,10.25913
TUR,TOT,AGRWTH,M,2018-03,10.23457
TUR,TOT,AGRWTH,M,2018-04,10.84953
TUR,TOT,AGRWTH,M,2018-05,12.14707
TUR,TOT,AGRWTH,M,2018-06,15.38511
TUR,TOT,AGRWTH,M,2018-07,15.84902
TUR,TOT,AGRWTH,M,2018-08,17.89643
TUR,TOT,AGRWTH,M,2018-09,24.51892
TUR,TOT,AGRWTH,M,2018-10,25.24032
TUR,TOT,AGRWTH,M,2018-11,21.6188
TUR,TOT,AGRWTH,M,2018-12,20.30176
TUR,TOT,AGRWTH,M,2019-01,20.35374
TUR,TOT,AGRWTH,M,2019-02,19.67164
TUR,TOT,AGRWTH,M,2019-03,19.71291
TUR,TOT,AGRWTH,M,2019-04,19.5023
TUR,TOT,AGRWTH,M,2019-05,18.7116
TUR,TOT,AGRWTH,M,2019-06,15.72012
TUR,TOT,AGRWTH,M,2019-07,16.64673
TUR,TOT,AGRWTH,M,2019-08,15.00843
TUR,TOT,AGRWTH,M,2019-09,9.262102
TUR,TOT,AGRWTH,M,2019-10,8.552845
TUR,TOT,AGRWTH,M,2019-11,10.56185
TUR,TOT,AGRWTH,M,2019-12,11.83609
TUR,TOT,AGRWTH,M,2020-01,12.15364
TUR,TOT,AGRWTH,M,2020-02,12.36738
TUR,TOT,AGRWTH,M,2020-03,11.85919
TUR,TOT,AGRWTH,M,2020-04,10.9367
TUR,TOT,AGRWTH,M,2020-05,11.39002
TUR,TOT,AGRWTH,M,2020-06,12.62239
TUR,TOT,AGRWTH,M,2020-07,11.76414
TUR,TOT,AGRWTH,M,2020-08,11.77041
TUR,TOT,AGRWTH,M,2020-09,11.74831
TUR,TOT,AGRWTH,M,2020-10,11.88962
TUR,TOT,AGRWTH,M,2020-11,14.0263
TUR,TOT,AGRWTH,M,2020-12,14.59932
TUR,TOT,AGRWTH,M,2021-01,14.97368
GBR,TOT,AGRWTH,M,2017-11,2.8
GBR,TOT,AGRWTH,M,2017-12,2.7
GBR,TOT,AGRWTH,M,2018-01,2.7
GBR,TOT,AGRWTH,M,2018-02,2.5
GBR,TOT,AGRWTH,M,2018-03,2.3
GBR,TOT,AGRWTH,M,2018-04,2.2
GBR,TOT,AGRWTH,M,2018-05,2.3
GBR,TOT,AGRWTH,M,2018-06,2.3
GBR,TOT,AGRWTH,M,2018-07,2.3
GBR,TOT,AGRWTH,M,2018-08,2.4
GBR,TOT,AGRWTH,M,2018-09,2.2
GBR,TOT,AGRWTH,M,2018-10,2.2
GBR,TOT,AGRWTH,M,2018-11,2.2
GBR,TOT,AGRWTH,M,2018-12,2
GBR,TOT,AGRWTH,M,2019-01,1.8
GBR,TOT,AGRWTH,M,2019-02,1.8
GBR,TOT,AGRWTH,M,2019-03,1.8
GBR,TOT,AGRWTH,M,2019-04,2
GBR,TOT,AGRWTH,M,2019-05,1.9
GBR,TOT,AGRWTH,M,2019-06,1.9
GBR,TOT,AGRWTH,M,2019-07,2
GBR,TOT,AGRWTH,M,2019-08,1.7
GBR,TOT,AGRWTH,M,2019-09,1.7
GBR,TOT,AGRWTH,M,2019-10,1.5
GBR,TOT,AGRWTH,M,2019-11,1.5
GBR,TOT,AGRWTH,M,2019-12,1.4
GBR,TOT,AGRWTH,M,2020-01,1.8
GBR,TOT,AGRWTH,M,2020-02,1.7
GBR,TOT,AGRWTH,M,2020-03,1.5
GBR,TOT,AGRWTH,M,2020-04,0.9
GBR,TOT,AGRWTH,M,2020-05,0.7
GBR,TOT,AGRWTH,M,2020-06,0.8
GBR,TOT,AGRWTH,M,2020-07,1.1
GBR,TOT,AGRWTH,M,2020-08,0.5
GBR,TOT,AGRWTH,M,2020-09,0.7
GBR,TOT,AGRWTH,M,2020-10,0.9
GBR,TOT,AGRWTH,M,2020-11,0.6
GBR,TOT,AGRWTH,M,2020-12,0.8
USA,TOT,AGRWTH,M,2017-11,2.202583
USA,TOT,AGRWTH,M,2017-12,2.109082
USA,TOT,AGRWTH,M,2018-01,2.070508
USA,TOT,AGRWTH,M,2018-02,2.211795
USA,TOT,AGRWTH,M,2018-03,2.359711
USA,TOT,AGRWTH,M,2018-04,2.462744
USA,TOT,AGRWTH,M,2018-05,2.801012
USA,TOT,AGRWTH,M,2018-06,2.871548
USA,TOT,AGRWTH,M,2018-07,2.949515
USA,TOT,AGRWTH,M,2018-08,2.69918
USA,TOT,AGRWTH,M,2018-09,2.276972
USA,TOT,AGRWTH,M,2018-10,2.52247
USA,TOT,AGRWTH,M,2018-11,2.176601
USA,TOT,AGRWTH,M,2018-12,1.910159
USA,TOT,AGRWTH,M,2019-01,1.551235
USA,TOT,AGRWTH,M,2019-02,1.520135
USA,TOT,AGRWTH,M,2019-03,1.862523
USA,TOT,AGRWTH,M,2019-04,1.99644
USA,TOT,AGRWTH,M,2019-05,1.790228
USA,TOT,AGRWTH,M,2019-06,1.648485
USA,TOT,AGRWTH,M,2019-07,1.811465
USA,TOT,AGRWTH,M,2019-08,1.74978
USA,TOT,AGRWTH,M,2019-09,1.711305
USA,TOT,AGRWTH,M,2019-10,1.764043
USA,TOT,AGRWTH,M,2019-11,2.051278
USA,TOT,AGRWTH,M,2019-12,2.28513
USA,TOT,AGRWTH,M,2020-01,2.486572
USA,TOT,AGRWTH,M,2020-02,2.334874
USA,TOT,AGRWTH,M,2020-03,1.539327
USA,TOT,AGRWTH,M,2020-04,0.3290967
USA,TOT,AGRWTH,M,2020-05,0.1179264
USA,TOT,AGRWTH,M,2020-06,0.6457331
USA,TOT,AGRWTH,M,2020-07,0.9860818
USA,TOT,AGRWTH,M,2020-08,1.309645
USA,TOT,AGRWTH,M,2020-09,1.371325
USA,TOT,AGRWTH,M,2020-10,1.182066
USA,TOT,AGRWTH,M,2020-11,1.174536
USA,TOT,AGRWTH,M,2020-12,1.362005
USA,TOT,AGRWTH,M,2021-01,1.39977
BRA,TOT,AGRWTH,M,2017-11,2.803785
BRA,TOT,AGRWTH,M,2017-12,2.947421
BRA,TOT,AGRWTH,M,2018-01,2.855116
BRA,TOT,AGRWTH,M,2018-02,2.844894
BRA,TOT,AGRWTH,M,2018-03,2.680803
BRA,TOT,AGRWTH,M,2018-04,2.762797
BRA,TOT,AGRWTH,M,2018-05,2.855013
BRA,TOT,AGRWTH,M,2018-06,4.391104
BRA,TOT,AGRWTH,M,2018-07,4.484844
BRA,TOT,AGRWTH,M,2018-08,4.193016
BRA,TOT,AGRWTH,M,2018-09,4.525976
BRA,TOT,AGRWTH,M,2018-10,4.557029
BRA,TOT,AGRWTH,M,2018-11,4.046031
BRA,TOT,AGRWTH,M,2018-12,3.745581
BRA,TOT,AGRWTH,M,2019-01,3.776528
BRA,TOT,AGRWTH,M,2019-02,3.890225
BRA,TOT,AGRWTH,M,2019-03,4.575284
BRA,TOT,AGRWTH,M,2019-04,4.940506
BRA,TOT,AGRWTH,M,2019-05,4.658258
BRA,TOT,AGRWTH,M,2019-06,3.366267
BRA,TOT,AGRWTH,M,2019-07,3.22202
BRA,TOT,AGRWTH,M,2019-08,3.428616
BRA,TOT,AGRWTH,M,2019-09,2.893425
BRA,TOT,AGRWTH,M,2019-10,2.535029
BRA,TOT,AGRWTH,M,2019-11,3.274906
BRA,TOT,AGRWTH,M,2019-12,4.306151
BRA,TOT,AGRWTH,M,2020-01,4.191771
BRA,TOT,AGRWTH,M,2020-02,4.005114
BRA,TOT,AGRWTH,M,2020-03,3.303158
BRA,TOT,AGRWTH,M,2020-04,2.399279
BRA,TOT,AGRWTH,M,2020-05,1.877727
BRA,TOT,AGRWTH,M,2020-06,2.132417
BRA,TOT,AGRWTH,M,2020-07,2.305625
BRA,TOT,AGRWTH,M,2020-08,2.439229
BRA,TOT,AGRWTH,M,2020-09,3.135329
BRA,TOT,AGRWTH,M,2020-10,3.91835
BRA,TOT,AGRWTH,M,2020-11,4.311224
BRA,TOT,AGRWTH,M,2020-12,4.517457
BRA,TOT,AGRWTH,M,2021-01,4.559386
CHL,TOT,AGRWTH,M,2017-11,1.913876
CHL,TOT,AGRWTH,M,2017-12,2.272254
CHL,TOT,AGRWTH,M,2018-01,2.187435
CHL,TOT,AGRWTH,M,2018-02,1.99607
CHL,TOT,AGRWTH,M,2018-03,1.813311
CHL,TOT,AGRWTH,M,2018-04,1.880781
CHL,TOT,AGRWTH,M,2018-05,2.042702
CHL,TOT,AGRWTH,M,2018-06,2.545342
CHL,TOT,AGRWTH,M,2018-07,2.662692
CHL,TOT,AGRWTH,M,2018-08,2.636709
CHL,TOT,AGRWTH,M,2018-09,3.144266
CHL,TOT,AGRWTH,M,2018-10,2.911431
CHL,TOT,AGRWTH,M,2018-11,2.816901
CHL,TOT,AGRWTH,M,2018-12,2.568284
CHL,TOT,AGRWTH,M,2019-01,2.211626
CHL,TOT,AGRWTH,M,2019-02,2.200365
CHL,TOT,AGRWTH,M,2019-03,2.479255
CHL,TOT,AGRWTH,M,2019-04,2.431151
CHL,TOT,AGRWTH,M,2019-05,2.756262
CHL,TOT,AGRWTH,M,2019-06,2.703246
CHL,TOT,AGRWTH,M,2019-07,2.573603
CHL,TOT,AGRWTH,M,2019-08,2.578969
CHL,TOT,AGRWTH,M,2019-09,2.241482
CHL,TOT,AGRWTH,M,2019-10,2.709946
CHL,TOT,AGRWTH,M,2019-11,2.789359
CHL,TOT,AGRWTH,M,2019-12,3.000795
CHL,TOT,AGRWTH,M,2020-01,3.46402
CHL,TOT,AGRWTH,M,2020-02,3.889275
CHL,TOT,AGRWTH,M,2020-03,3.742471
CHL,TOT,AGRWTH,M,2020-04,3.417372
CHL,TOT,AGRWTH,M,2020-05,2.750857
CHL,TOT,AGRWTH,M,2020-06,2.632094
CHL,TOT,AGRWTH,M,2020-07,2.499268
CHL,TOT,AGRWTH,M,2020-08,2.445917
CHL,TOT,AGRWTH,M,2020-09,3.088765
CHL,TOT,AGRWTH,M,2020-10,2.947714
CHL,TOT,AGRWTH,M,2020-11,2.732979
CHL,TOT,AGRWTH,M,2020-12,2.971252
CHL,TOT,AGRWTH,M,2021-01,3.117805
CHN,TOT,AGRWTH,M,2017-11,1.7
CHN,TOT,AGRWTH,M,2017-12,1.8
CHN,TOT,AGRWTH,M,2018-01,1.5
CHN,TOT,AGRWTH,M,2018-02,2.9
CHN,TOT,AGRWTH,M,2018-03,2.1
CHN,TOT,AGRWTH,M,2018-04,1.8
CHN,TOT,AGRWTH,M,2018-05,1.8
CHN,TOT,AGRWTH,M,2018-06,1.9
CHN,TOT,AGRWTH,M,2018-07,2.1
CHN,TOT,AGRWTH,M,2018-08,2.3
CHN,TOT,AGRWTH,M,2018-09,2.5
CHN,TOT,AGRWTH,M,2018-10,2.5
CHN,TOT,AGRWTH,M,2018-11,2.2
CHN,TOT,AGRWTH,M,2018-12,1.9
CHN,TOT,AGRWTH,M,2019-01,1.7
CHN,TOT,AGRWTH,M,2019-02,1.5
CHN,TOT,AGRWTH,M,2019-03,2.3
CHN,TOT,AGRWTH,M,2019-04,2.5
CHN,TOT,AGRWTH,M,2019-05,2.7
CHN,TOT,AGRWTH,M,2019-06,2.7
CHN,TOT,AGRWTH,M,2019-07,2.8
CHN,TOT,AGRWTH,M,2019-08,2.8
CHN,TOT,AGRWTH,M,2019-09,3
CHN,TOT,AGRWTH,M,2019-10,3.8
CHN,TOT,AGRWTH,M,2019-11,4.5
CHN,TOT,AGRWTH,M,2019-12,4.5
CHN,TOT,AGRWTH,M,2020-01,5.4
CHN,TOT,AGRWTH,M,2020-02,5.2
CHN,TOT,AGRWTH,M,2020-03,4.3
CHN,TOT,AGRWTH,M,2020-04,3.3
CHN,TOT,AGRWTH,M,2020-05,2.4
CHN,TOT,AGRWTH,M,2020-06,2.5
CHN,TOT,AGRWTH,M,2020-07,2.7
CHN,TOT,AGRWTH,M,2020-08,2.4
CHN,TOT,AGRWTH,M,2020-09,1.7
CHN,TOT,AGRWTH,M,2020-10,0.5
CHN,TOT,AGRWTH,M,2020-11,-0.5
CHN,TOT,AGRWTH,M,2020-12,0.2
EST,TOT,AGRWTH,M,2017-11,4.236856
EST,TOT,AGRWTH,M,2017-12,3.404472
EST,TOT,AGRWTH,M,2018-01,3.441296
EST,TOT,AGRWTH,M,2018-02,3.046953
EST,TOT,AGRWTH,M,2018-03,2.84006
EST,TOT,AGRWTH,M,2018-04,2.930949
EST,TOT,AGRWTH,M,2018-05,3.024293
EST,TOT,AGRWTH,M,2018-06,4.017857
EST,TOT,AGRWTH,M,2018-07,3.499261
EST,TOT,AGRWTH,M,2018-08,3.583702
EST,TOT,AGRWTH,M,2018-09,3.634578
EST,TOT,AGRWTH,M,2018-10,4.431314
EST,TOT,AGRWTH,M,2018-11,3.330069
EST,TOT,AGRWTH,M,2018-12,3.439803
EST,TOT,AGRWTH,M,2019-01,2.739726
EST,TOT,AGRWTH,M,2019-02,1.938924
EST,TOT,AGRWTH,M,2019-03,2.228682
EST,TOT,AGRWTH,M,2019-04,3.185328
EST,TOT,AGRWTH,M,2019-05,3.128008
EST,TOT,AGRWTH,M,2019-06,2.384359
EST,TOT,AGRWTH,M,2019-07,2.095238
EST,TOT,AGRWTH,M,2019-08,2.322275
EST,TOT,AGRWTH,M,2019-09,2.180095
EST,TOT,AGRWTH,M,2019-10,1.55587
EST,TOT,AGRWTH,M,2019-11,1.848341
EST,TOT,AGRWTH,M,2019-12,1.75772
EST,TOT,AGRWTH,M,2020-01,1.619048
EST,TOT,AGRWTH,M,2020-02,1.949596
EST,TOT,AGRWTH,M,2020-03,0.900474
EST,TOT,AGRWTH,M,2020-04,-0.7951356
EST,TOT,AGRWTH,M,2020-05,-1.679888
EST,TOT,AGRWTH,M,2020-06,-0.978109
EST,TOT,AGRWTH,M,2020-07,-0.8395522
EST,TOT,AGRWTH,M,2020-08,-0.9263548
EST,TOT,AGRWTH,M,2020-09,-1.06679
EST,TOT,AGRWTH,M,2020-10,-1.485608
EST,TOT,AGRWTH,M,2020-11,-1.116799
EST,TOT,AGRWTH,M,2020-12,-0.7936508
EST,TOT,AGRWTH,M,2021-01,0.2343018
IND,TOT,AGRWTH,M,2017-11,3.971119
IND,TOT,AGRWTH,M,2017-12,4
IND,TOT,AGRWTH,M,2018-01,5.109489
IND,TOT,AGRWTH,M,2018-02,4.744525
IND,TOT,AGRWTH,M,2018-03,4.363636
IND,TOT,AGRWTH,M,2018-04,3.971119
IND,TOT,AGRWTH,M,2018-05,3.956835
IND,TOT,AGRWTH,M,2018-06,3.928571
IND,TOT,AGRWTH,M,2018-07,5.614035
IND,TOT,AGRWTH,M,2018-08,5.614035
IND,TOT,AGRWTH,M,2018-09,5.614035
IND,TOT,AGRWTH,M,2018-10,5.226481
IND,TOT,AGRWTH,M,2018-11,4.861111
IND,TOT,AGRWTH,M,2018-12,5.244755
IND,TOT,AGRWTH,M,2019-01,6.597222
IND,TOT,AGRWTH,M,2019-02,6.968641
IND,TOT,AGRWTH,M,2019-03,7.665505
IND,TOT,AGRWTH,M,2019-04,8.333333
IND,TOT,AGRWTH,M,2019-05,8.650519
IND,TOT,AGRWTH,M,2019-06,8.591065
IND,TOT,AGRWTH,M,2019-07,5.980066
IND,TOT,AGRWTH,M,2019-08,6.312293
IND,TOT,AGRWTH,M,2019-09,6.976744
IND,TOT,AGRWTH,M,2019-10,7.615894
IND,TOT,AGRWTH,M,2019-11,8.609271
IND,TOT,AGRWTH,M,2019-12,9.634551
IND,TOT,AGRWTH,M,2020-01,7.491857
IND,TOT,AGRWTH,M,2020-02,6.840391
IND,TOT,AGRWTH,M,2020-03,5.501618
IND,TOT,AGRWTH,M,2020-04,5.448718
IND,TOT,AGRWTH,M,2020-05,5.095541
IND,TOT,AGRWTH,M,2020-06,5.063291
IND,TOT,AGRWTH,M,2020-07,5.329154
IND,TOT,AGRWTH,M,2020-08,5.625
IND,TOT,AGRWTH,M,2020-09,5.636574
IND,TOT,AGRWTH,M,2020-10,5.902163
IND,TOT,AGRWTH,M,2020-11,5.284787
IND,TOT,AGRWTH,M,2020-12,3.686636
IDN,TOT,AGRWTH,M,2017-11,3.304803
IDN,TOT,AGRWTH,M,2017-12,3.606661
IDN,TOT,AGRWTH,M,2018-01,3.251524
IDN,TOT,AGRWTH,M,2018-02,3.181535
IDN,TOT,AGRWTH,M,2018-03,3.400406
IDN,TOT,AGRWTH,M,2018-04,3.413076
IDN,TOT,AGRWTH,M,2018-05,3.229062
IDN,TOT,AGRWTH,M,2018-06,3.122109
IDN,TOT,AGRWTH,M,2018-07,3.184615
IDN,TOT,AGRWTH,M,2018-08,3.202217
IDN,TOT,AGRWTH,M,2018-09,2.882841
IDN,TOT,AGRWTH,M,2018-10,3.159351
IDN,TOT,AGRWTH,M,2018-11,3.229766
IDN,TOT,AGRWTH,M,2018-12,3.130713
IDN,TOT,AGRWTH,M,2019-01,2.823618
IDN,TOT,AGRWTH,M,2019-02,2.569528
IDN,TOT,AGRWTH,M,2019-03,2.481521
IDN,TOT,AGRWTH,M,2019-04,2.833246
IDN,TOT,AGRWTH,M,2019-05,3.316039
IDN,TOT,AGRWTH,M,2019-06,3.281752
IDN,TOT,AGRWTH,M,2019-07,3.31743
IDN,TOT,AGRWTH,M,2019-08,3.490714
IDN,TOT,AGRWTH,M,2019-09,3.392364
IDN,TOT,AGRWTH,M,2019-10,3.129657
IDN,TOT,AGRWTH,M,2019-11,3.002378
IDN,TOT,AGRWTH,M,2019-12,2.718074
IDN,TOT,AGRWTH,M,2020-01,2.67982
IDN,TOT,AGRWTH,M,2020-02,3.050398
IDN,TOT,AGRWTH,M,2020-03,3.034518
IDN,TOT,AGRWTH,M,2020-04,2.659881
IDN,TOT,AGRWTH,M,2020-05,2.033128
IDN,TOT,AGRWTH,M,2020-06,1.655701
IDN,TOT,AGRWTH,M,2020-07,1.234191
IDN,TOT,AGRWTH,M,2020-08,1.069278
IDN,TOT,AGRWTH,M,2020-09,1.298534
IDN,TOT,AGRWTH,M,2020-10,1.344191
IDN,TOT,AGRWTH,M,2020-11,1.477663
IDN,TOT,AGRWTH,M,2020-12,1.586504
IDN,TOT,AGRWTH,M,2021-01,1.553952
ISR,TOT,AGRWTH,M,2017-11,0.3039514
ISR,TOT,AGRWTH,M,2017-12,0.4052685
ISR,TOT,AGRWTH,M,2018-01,0.1015228
ISR,TOT,AGRWTH,M,2018-02,0.2030457
ISR,TOT,AGRWTH,M,2018-03,0.2024291
ISR,TOT,AGRWTH,M,2018-04,0.4040404
ISR,TOT,AGRWTH,M,2018-05,0.5030181
ISR,TOT,AGRWTH,M,2018-06,1.317123
ISR,TOT,AGRWTH,M,2018-07,1.419878
ISR,TOT,AGRWTH,M,2018-08,1.213347
ISR,TOT,AGRWTH,M,2018-09,1.212121
ISR,TOT,AGRWTH,M,2018-10,1.208459
ISR,TOT,AGRWTH,M,2018-11,1.212121
ISR,TOT,AGRWTH,M,2018-12,0.8072654
ISR,TOT,AGRWTH,M,2019-01,1.217039
ISR,TOT,AGRWTH,M,2019-02,1.215806
ISR,TOT,AGRWTH,M,2019-03,1.414141
ISR,TOT,AGRWTH,M,2019-04,1.307847
ISR,TOT,AGRWTH,M,2019-05,1.501502
ISR,TOT,AGRWTH,M,2019-06,0.8
ISR,TOT,AGRWTH,M,2019-07,0.5
ISR,TOT,AGRWTH,M,2019-08,0.5994006
ISR,TOT,AGRWTH,M,2019-09,0.2994012
ISR,TOT,AGRWTH,M,2019-10,0.39801
ISR,TOT,AGRWTH,M,2019-11,0.2994012
ISR,TOT,AGRWTH,M,2019-12,0.6006006
ISR,TOT,AGRWTH,M,2020-01,0.3006012
ISR,TOT,AGRWTH,M,2020-02,0.1001001
ISR,TOT,AGRWTH,M,2020-03,0
ISR,TOT,AGRWTH,M,2020-04,-0.5958292
ISR,TOT,AGRWTH,M,2020-05,-1.577909
ISR,TOT,AGRWTH,M,2020-06,-1.09127
ISR,TOT,AGRWTH,M,2020-07,-0.5970149
ISR,TOT,AGRWTH,M,2020-08,-0.7944389
ISR,TOT,AGRWTH,M,2020-09,-0.6965174
ISR,TOT,AGRWTH,M,2020-10,-0.7928642
ISR,TOT,AGRWTH,M,2020-11,-0.5970149
ISR,TOT,AGRWTH,M,2020-12,-0.6965174
ISR,TOT,AGRWTH,M,2021-01,-0.3996004
RUS,TOT,AGRWTH,M,2017-11,2.502644
RUS,TOT,AGRWTH,M,2017-12,2.523063
RUS,TOT,AGRWTH,M,2018-01,2.2072
RUS,TOT,AGRWTH,M,2018-02,2.197002
RUS,TOT,AGRWTH,M,2018-03,2.360305
RUS,TOT,AGRWTH,M,2018-04,2.411317
RUS,TOT,AGRWTH,M,2018-05,2.42152
RUS,TOT,AGRWTH,M,2018-06,2.299359
RUS,TOT,AGRWTH,M,2018-07,2.503815
RUS,TOT,AGRWTH,M,2018-08,3.070647
RUS,TOT,AGRWTH,M,2018-09,3.390646
RUS,TOT,AGRWTH,M,2018-10,3.545422
RUS,TOT,AGRWTH,M,2018-11,3.834713
RUS,TOT,AGRWTH,M,2018-12,4.268995
RUS,TOT,AGRWTH,M,2019-01,4.996622
RUS,TOT,AGRWTH,M,2019-02,5.237608
RUS,TOT,AGRWTH,M,2019-03,5.269088
RUS,TOT,AGRWTH,M,2019-04,5.174705
RUS,TOT,AGRWTH,M,2019-05,5.132794
RUS,TOT,AGRWTH,M,2019-06,4.662004
RUS,TOT,AGRWTH,M,2019-07,4.588937
RUS,TOT,AGRWTH,M,2019-08,4.327491
RUS,TOT,AGRWTH,M,2019-09,3.994176
RUS,TOT,AGRWTH,M,2019-10,3.766187
RUS,TOT,AGRWTH,M,2019-11,3.539037
RUS,TOT,AGRWTH,M,2019-12,3.04619
RUS,TOT,AGRWTH,M,2020-01,2.423893
RUS,TOT,AGRWTH,M,2020-02,2.311721
RUS,TOT,AGRWTH,M,2020-03,2.546287
RUS,TOT,AGRWTH,M,2020-04,3.098436
RUS,TOT,AGRWTH,M,2020-05,3.026511
RUS,TOT,AGRWTH,M,2020-06,3.211885
RUS,TOT,AGRWTH,M,2020-07,3.366394
RUS,TOT,AGRWTH,M,2020-08,3.573624
RUS,TOT,AGRWTH,M,2020-09,3.666989
RUS,TOT,AGRWTH,M,2020-10,3.977587
RUS,TOT,AGRWTH,M,2020-11,4.423442
RUS,TOT,AGRWTH,M,2020-12,4.912471
SVN,TOT,AGRWTH,M,2017-11,1.210317
SVN,TOT,AGRWTH,M,2017-12,1.745462
SVN,TOT,AGRWTH,M,2018-01,1.525186
SVN,TOT,AGRWTH,M,2018-02,1.222178
SVN,TOT,AGRWTH,M,2018-03,1.158531
SVN,TOT,AGRWTH,M,2018-04,1.53998
SVN,TOT,AGRWTH,M,2018-05,2.029412
SVN,TOT,AGRWTH,M,2018-06,2.069439
SVN,TOT,AGRWTH,M,2018-07,1.867036
SVN,TOT,AGRWTH,M,2018-08,1.815312
SVN,TOT,AGRWTH,M,2018-09,1.998031
SVN,TOT,AGRWTH,M,2018-10,2.202123
SVN,TOT,AGRWTH,M,2018-11,1.999608
SVN,TOT,AGRWTH,M,2018-12,1.421429
SVN,TOT,AGRWTH,M,2019-01,1.126705
SVN,TOT,AGRWTH,M,2019-02,1.217238
SVN,TOT,AGRWTH,M,2019-03,1.634691
SVN,TOT,AGRWTH,M,2019-04,1.730507
SVN,TOT,AGRWTH,M,2019-05,1.431729
SVN,TOT,AGRWTH,M,2019-06,1.787259
SVN,TOT,AGRWTH,M,2019-07,1.997673
SVN,TOT,AGRWTH,M,2019-08,2.296512
SVN,TOT,AGRWTH,M,2019-09,1.67905
SVN,TOT,AGRWTH,M,2019-10,1.423625
SVN,TOT,AGRWTH,M,2019-11,1.403037
SVN,TOT,AGRWTH,M,2019-12,1.826793
SVN,TOT,AGRWTH,M,2020-01,2.081704
SVN,TOT,AGRWTH,M,2020-02,1.968771
SVN,TOT,AGRWTH,M,2020-03,0.4719253
SVN,TOT,AGRWTH,M,2020-04,-1.223242
SVN,TOT,AGRWTH,M,2020-05,-1.231527
SVN,TOT,AGRWTH,M,2020-06,-0.3115265
SVN,TOT,AGRWTH,M,2020-07,0.2852253
SVN,TOT,AGRWTH,M,2020-08,-0.1420858
SVN,TOT,AGRWTH,M,2020-09,-0.3416532
SVN,TOT,AGRWTH,M,2020-10,-0.09484067
SVN,TOT,AGRWTH,M,2020-11,-0.9287339
SVN,TOT,AGRWTH,M,2020-12,-1.082107
SVN,TOT,AGRWTH,M,2021-01,-0.6606032
ZAF,TOT,AGRWTH,M,2017-11,4.417671
ZAF,TOT,AGRWTH,M,2017-12,4.5
ZAF,TOT,AGRWTH,M,2018-01,4.274354
ZAF,TOT,AGRWTH,M,2018-02,3.834808
ZAF,TOT,AGRWTH,M,2018-03,3.718199
ZAF,TOT,AGRWTH,M,2018-04,4.301075
ZAF,TOT,AGRWTH,M,2018-05,4.288499
ZAF,TOT,AGRWTH,M,2018-06,4.377432
ZAF,TOT,AGRWTH,M,2018-07,5.048543
ZAF,TOT,AGRWTH,M,2018-08,4.84966
ZAF,TOT,AGRWTH,M,2018-09,4.826255
ZAF,TOT,AGRWTH,M,2018-10,5.004812
ZAF,TOT,AGRWTH,M,2018-11,5.096154
ZAF,TOT,AGRWTH,M,2018-12,4.401914
ZAF,TOT,AGRWTH,M,2019-01,3.908484
ZAF,TOT,AGRWTH,M,2019-02,4.07197
ZAF,TOT,AGRWTH,M,2019-03,4.528302
ZAF,TOT,AGRWTH,M,2019-04,4.404873
ZAF,TOT,AGRWTH,M,2019-05,4.392523
ZAF,TOT,AGRWTH,M,2019-06,4.473439
ZAF,TOT,AGRWTH,M,2019-07,3.974122
ZAF,TOT,AGRWTH,M,2019-08,4.347826
ZAF,TOT,AGRWTH,M,2019-09,4.143646
ZAF,TOT,AGRWTH,M,2019-10,3.666361
ZAF,TOT,AGRWTH,M,2019-11,3.568161
ZAF,TOT,AGRWTH,M,2019-12,4.032997
ZAF,TOT,AGRWTH,M,2020-01,4.40367
ZAF,TOT,AGRWTH,M,2020-02,4.549591
ZAF,TOT,AGRWTH,M,2020-03,4.061372
ZAF,TOT,AGRWTH,M,2020-04,2.872531
ZAF,TOT,AGRWTH,M,2020-05,2.059087
ZAF,TOT,AGRWTH,M,2020-06,2.140946
ZAF,TOT,AGRWTH,M,2020-07,3.2
ZAF,TOT,AGRWTH,M,2020-08,3.014184
ZAF,TOT,AGRWTH,M,2020-09,2.917772
ZAF,TOT,AGRWTH,M,2020-10,3.271441
ZAF,TOT,AGRWTH,M,2020-11,3.180212
ZAF,TOT,AGRWTH,M,2020-12,3.0837
ZAF,TOT,AGRWTH,M,2021-01,3.163445
OECD,TOT,AGRWTH,M,2017-11,2.409063
OECD,TOT,AGRWTH,M,2017-12,2.349563
OECD,TOT,AGRWTH,M,2018-01,2.191658
OECD,TOT,AGRWTH,M,2018-02,2.216704
OECD,TOT,AGRWTH,M,2018-03,2.2823
OECD,TOT,AGRWTH,M,2018-04,2.272187
OECD,TOT,AGRWTH,M,2018-05,2.604501
OECD,TOT,AGRWTH,M,2018-06,2.790452
OECD,TOT,AGRWTH,M,2018-07,2.888335
OECD,TOT,AGRWTH,M,2018-08,2.895879
OECD,TOT,AGRWTH,M,2018-09,2.919971
OECD,TOT,AGRWTH,M,2018-10,3.108483
OECD,TOT,AGRWTH,M,2018-11,2.704852
OECD,TOT,AGRWTH,M,2018-12,2.390721
OECD,TOT,AGRWTH,M,2019-01,2.105764
OECD,TOT,AGRWTH,M,2019-02,2.085498
OECD,TOT,AGRWTH,M,2019-03,2.273633
OECD,TOT,AGRWTH,M,2019-04,2.477992
OECD,TOT,AGRWTH,M,2019-05,2.265477
OECD,TOT,AGRWTH,M,2019-06,2.082724
OECD,TOT,AGRWTH,M,2019-07,2.148704
OECD,TOT,AGRWTH,M,2019-08,1.955538
OECD,TOT,AGRWTH,M,2019-09,1.672075
OECD,TOT,AGRWTH,M,2019-10,1.644844
OECD,TOT,AGRWTH,M,2019-11,1.889929
OECD,TOT,AGRWTH,M,2019-12,2.165111
OECD,TOT,AGRWTH,M,2020-01,2.378524
OECD,TOT,AGRWTH,M,2020-02,2.271434
OECD,TOT,AGRWTH,M,2020-03,1.741933
OECD,TOT,AGRWTH,M,2020-04,0.857408
OECD,TOT,AGRWTH,M,2020-05,0.7052489
OECD,TOT,AGRWTH,M,2020-06,1.085883
OECD,TOT,AGRWTH,M,2020-07,1.208743
OECD,TOT,AGRWTH,M,2020-08,1.285037
OECD,TOT,AGRWTH,M,2020-09,1.323137
OECD,TOT,AGRWTH,M,2020-10,1.195556
OECD,TOT,AGRWTH,M,2020-11,1.174739
OECD,TOT,AGRWTH,M,2020-12,1.244409
OECDE,TOT,AGRWTH,M,2017-11,2.705728
OECDE,TOT,AGRWTH,M,2017-12,2.465577
OECDE,TOT,AGRWTH,M,2018-01,2.262232
OECDE,TOT,AGRWTH,M,2018-02,2.091063
OECDE,TOT,AGRWTH,M,2018-03,2.23293
OECDE,TOT,AGRWTH,M,2018-04,2.221068
OECDE,TOT,AGRWTH,M,2018-05,2.755454
OECDE,TOT,AGRWTH,M,2018-06,3.102807
OECDE,TOT,AGRWTH,M,2018-07,3.213883
OECDE,TOT,AGRWTH,M,2018-08,3.409488
OECDE,TOT,AGRWTH,M,2018-09,3.938323
OECDE,TOT,AGRWTH,M,2018-10,4.146343
OECDE,TOT,AGRWTH,M,2018-11,3.626755
OECDE,TOT,AGRWTH,M,2018-12,3.225091
OECDE,TOT,AGRWTH,M,2019-01,3.048694
OECDE,TOT,AGRWTH,M,2019-02,3.102815
OECDE,TOT,AGRWTH,M,2019-03,3.124553
OECDE,TOT,AGRWTH,M,2019-04,3.354554
OECDE,TOT,AGRWTH,M,2019-05,2.986173
OECDE,TOT,AGRWTH,M,2019-06,2.736645
OECDE,TOT,AGRWTH,M,2019-07,2.778612
OECDE,TOT,AGRWTH,M,2019-08,2.526313
OECDE,TOT,AGRWTH,M,2019-09,1.86222
OECDE,TOT,AGRWTH,M,2019-10,1.673045
OECDE,TOT,AGRWTH,M,2019-11,1.935805
OECDE,TOT,AGRWTH,M,2019-12,2.320127
OECDE,TOT,AGRWTH,M,2020-01,2.554253
OECDE,TOT,AGRWTH,M,2020-02,2.458924
OECDE,TOT,AGRWTH,M,2020-03,2.066511
OECDE,TOT,AGRWTH,M,2020-04,1.510494
OECDE,TOT,AGRWTH,M,2020-05,1.367135
OECDE,TOT,AGRWTH,M,2020-06,1.65849
OECDE,TOT,AGRWTH,M,2020-07,1.515863
OECDE,TOT,AGRWTH,M,2020-08,1.325996
OECDE,TOT,AGRWTH,M,2020-09,1.314699
OECDE,TOT,AGRWTH,M,2020-10,1.323175
OECDE,TOT,AGRWTH,M,2020-11,1.433237
OECDE,TOT,AGRWTH,M,2020-12,1.494833
G-7,TOT,AGRWTH,M,2017-11,1.84855
G-7,TOT,AGRWTH,M,2017-12,1.836899
G-7,TOT,AGRWTH,M,2018-01,1.83644
G-7,TOT,AGRWTH,M,2018-02,1.884385
G-7,TOT,AGRWTH,M,2018-03,1.998096
G-7,TOT,AGRWTH,M,2018-04,1.958361
G-7,TOT,AGRWTH,M,2018-05,2.279742
G-7,TOT,AGRWTH,M,2018-06,2.340544
G-7,TOT,AGRWTH,M,2018-07,2.456346
G-7,TOT,AGRWTH,M,2018-08,2.361526
G-7,TOT,AGRWTH,M,2018-09,2.0668
G-7,TOT,AGRWTH,M,2018-10,2.283876
G-7,TOT,AGRWTH,M,2018-11,1.946933
G-7,TOT,AGRWTH,M,2018-12,1.641814
G-7,TOT,AGRWTH,M,2019-01,1.336151
G-7,TOT,AGRWTH,M,2019-02,1.338721
G-7,TOT,AGRWTH,M,2019-03,1.547952
G-7,TOT,AGRWTH,M,2019-04,1.772451
G-7,TOT,AGRWTH,M,2019-05,1.561281
G-7,TOT,AGRWTH,M,2019-06,1.481663
G-7,TOT,AGRWTH,M,2019-07,1.554636
G-7,TOT,AGRWTH,M,2019-08,1.425023
G-7,TOT,AGRWTH,M,2019-09,1.367224
G-7,TOT,AGRWTH,M,2019-10,1.357947
G-7,TOT,AGRWTH,M,2019-11,1.572669
G-7,TOT,AGRWTH,M,2019-12,1.816879
G-7,TOT,AGRWTH,M,2020-01,1.983407
G-7,TOT,AGRWTH,M,2020-02,1.844705
G-7,TOT,AGRWTH,M,2020-03,1.236126
G-7,TOT,AGRWTH,M,2020-04,0.3549457
G-7,TOT,AGRWTH,M,2020-05,0.1634012
G-7,TOT,AGRWTH,M,2020-06,0.5426884
G-7,TOT,AGRWTH,M,2020-07,0.6913712
G-7,TOT,AGRWTH,M,2020-08,0.7828336
G-7,TOT,AGRWTH,M,2020-09,0.8090311
G-7,TOT,AGRWTH,M,2020-10,0.6795639
G-7,TOT,AGRWTH,M,2020-11,0.6103809
G-7,TOT,AGRWTH,M,2020-12,0.6962205
COL,TOT,AGRWTH,M,2017-11,4.108703
COL,TOT,AGRWTH,M,2017-12,4.081194
COL,TOT,AGRWTH,M,2018-01,3.667482
COL,TOT,AGRWTH,M,2018-02,3.368067
COL,TOT,AGRWTH,M,2018-03,3.132202
COL,TOT,AGRWTH,M,2018-04,3.128259
COL,TOT,AGRWTH,M,2018-05,3.162713
COL,TOT,AGRWTH,M,2018-06,3.200665
COL,TOT,AGRWTH,M,2018-07,3.119152
COL,TOT,AGRWTH,M,2018-08,3.104558
COL,TOT,AGRWTH,M,2018-09,3.217103
COL,TOT,AGRWTH,M,2018-10,3.330912
COL,TOT,AGRWTH,M,2018-11,3.273255
COL,TOT,AGRWTH,M,2018-12,3.188525
COL,TOT,AGRWTH,M,2019-01,3.158326
COL,TOT,AGRWTH,M,2019-02,3.024132
COL,TOT,AGRWTH,M,2019-03,3.219908
COL,TOT,AGRWTH,M,2019-04,3.255814
COL,TOT,AGRWTH,M,2019-05,3.307786
COL,TOT,AGRWTH,M,2019-06,3.433692
COL,TOT,AGRWTH,M,2019-07,3.791087
COL,TOT,AGRWTH,M,2019-08,3.756294
COL,TOT,AGRWTH,M,2019-09,3.820632
COL,TOT,AGRWTH,M,2019-10,3.866238
COL,TOT,AGRWTH,M,2019-11,3.851555
COL,TOT,AGRWTH,M,2019-12,3.8
COL,TOT,AGRWTH,M,2020-01,3.61829
COL,TOT,AGRWTH,M,2020-02,3.716149
COL,TOT,AGRWTH,M,2020-03,3.847668
COL,TOT,AGRWTH,M,2020-04,3.50568
COL,TOT,AGRWTH,M,2020-05,2.850449
COL,TOT,AGRWTH,M,2020-06,2.190421
COL,TOT,AGRWTH,M,2020-07,1.972023
COL,TOT,AGRWTH,M,2020-08,1.873241
COL,TOT,AGRWTH,M,2020-09,1.965911
COL,TOT,AGRWTH,M,2020-10,1.740307
COL,TOT,AGRWTH,M,2020-11,1.487348
COL,TOT,AGRWTH,M,2020-12,1.618497
COL,TOT,AGRWTH,M,2021-01,1.592479
LVA,TOT,AGRWTH,M,2017-11,2.727695
LVA,TOT,AGRWTH,M,2017-12,2.151458
LVA,TOT,AGRWTH,M,2018-01,1.998137
LVA,TOT,AGRWTH,M,2018-02,1.802639
LVA,TOT,AGRWTH,M,2018-03,2.173048
LVA,TOT,AGRWTH,M,2018-04,1.999038
LVA,TOT,AGRWTH,M,2018-05,2.293299
LVA,TOT,AGRWTH,M,2018-06,2.76316
LVA,TOT,AGRWTH,M,2018-07,2.644246
LVA,TOT,AGRWTH,M,2018-08,2.816852
LVA,TOT,AGRWTH,M,2018-09,3.203028
LVA,TOT,AGRWTH,M,2018-10,3.202321
LVA,TOT,AGRWTH,M,2018-11,2.950217
LVA,TOT,AGRWTH,M,2018-12,2.55108
LVA,TOT,AGRWTH,M,2019-01,3.049044
LVA,TOT,AGRWTH,M,2019-02,2.885851
LVA,TOT,AGRWTH,M,2019-03,2.771452
LVA,TOT,AGRWTH,M,2019-04,3.437203
LVA,TOT,AGRWTH,M,2019-05,3.346502
LVA,TOT,AGRWTH,M,2019-06,3.044204
LVA,TOT,AGRWTH,M,2019-07,2.881465
LVA,TOT,AGRWTH,M,2019-08,3.156547
LVA,TOT,AGRWTH,M,2019-09,2.554927
LVA,TOT,AGRWTH,M,2019-10,2.256296
LVA,TOT,AGRWTH,M,2019-11,2.114764
LVA,TOT,AGRWTH,M,2019-12,2.262326
LVA,TOT,AGRWTH,M,2020-01,2.176536
LVA,TOT,AGRWTH,M,2020-02,2.250528
LVA,TOT,AGRWTH,M,2020-03,1.404286
LVA,TOT,AGRWTH,M,2020-04,0.03719315
LVA,TOT,AGRWTH,M,2020-05,-0.5817327
LVA,TOT,AGRWTH,M,2020-06,-0.7241044
LVA,TOT,AGRWTH,M,2020-07,0.4810174
LVA,TOT,AGRWTH,M,2020-08,-0.2253076
LVA,TOT,AGRWTH,M,2020-09,-0.2525564
LVA,TOT,AGRWTH,M,2020-10,-0.663614
LVA,TOT,AGRWTH,M,2020-11,-0.6830302
LVA,TOT,AGRWTH,M,2020-12,-0.4953912
LVA,TOT,AGRWTH,M,2021-01,-0.4777372
SAU,TOT,AGRWTH,M,2017-11,-1.700092
SAU,TOT,AGRWTH,M,2017-12,-1.112926
SAU,TOT,AGRWTH,M,2018-01,3.150251
SAU,TOT,AGRWTH,M,2018-02,2.942679
SAU,TOT,AGRWTH,M,2018-03,2.872917
SAU,TOT,AGRWTH,M,2018-04,2.492594
SAU,TOT,AGRWTH,M,2018-05,2.404092
SAU,TOT,AGRWTH,M,2018-06,2.326293
SAU,TOT,AGRWTH,M,2018-07,2.246044
SAU,TOT,AGRWTH,M,2018-08,2.28063
SAU,TOT,AGRWTH,M,2018-09,2.097401
SAU,TOT,AGRWTH,M,2018-10,2.139257
SAU,TOT,AGRWTH,M,2018-11,2.630489
SAU,TOT,AGRWTH,M,2018-12,1.91017
SAU,TOT,AGRWTH,M,2019-01,-3.163114
SAU,TOT,AGRWTH,M,2019-02,-3.235732
SAU,TOT,AGRWTH,M,2019-03,-3.210097
SAU,TOT,AGRWTH,M,2019-04,-2.880494
SAU,TOT,AGRWTH,M,2019-05,-2.627373
SAU,TOT,AGRWTH,M,2019-06,-2.592482
SAU,TOT,AGRWTH,M,2019-07,-2.18672
SAU,TOT,AGRWTH,M,2019-08,-1.859814
SAU,TOT,AGRWTH,M,2019-09,-1.412967
SAU,TOT,AGRWTH,M,2019-10,-0.8861142
SAU,TOT,AGRWTH,M,2019-11,-0.8072654
SAU,TOT,AGRWTH,M,2019-12,-0.1823708
SAU,TOT,AGRWTH,M,2020-01,0.7270121
SAU,TOT,AGRWTH,M,2020-02,1.230896
SAU,TOT,AGRWTH,M,2020-03,1.478591
SAU,TOT,AGRWTH,M,2020-04,1.303366
SAU,TOT,AGRWTH,M,2020-05,1.056735
SAU,TOT,AGRWTH,M,2020-06,0.5220596
SAU,TOT,AGRWTH,M,2020-07,6.124949
SAU,TOT,AGRWTH,M,2020-08,6.164035
SAU,TOT,AGRWTH,M,2020-09,5.743037
SAU,TOT,AGRWTH,M,2020-10,5.760439
SAU,TOT,AGRWTH,M,2020-11,5.798576
SAU,TOT,AGRWTH,M,2020-12,5.328867
SAU,TOT,AGRWTH,M,2021-01,5.723289
EU28,TOT,AGRWTH,M,2017-11,1.6
EU28,TOT,AGRWTH,M,2017-12,1.4
EU28,TOT,AGRWTH,M,2018-01,1.4
EU28,TOT,AGRWTH,M,2018-02,1.2
EU28,TOT,AGRWTH,M,2018-03,1.4
EU28,TOT,AGRWTH,M,2018-04,1.3
EU28,TOT,AGRWTH,M,2018-05,2
EU28,TOT,AGRWTH,M,2018-06,2
EU28,TOT,AGRWTH,M,2018-07,2.2
EU28,TOT,AGRWTH,M,2018-08,2.1
EU28,TOT,AGRWTH,M,2018-09,2.1
EU28,TOT,AGRWTH,M,2018-10,2.3
EU28,TOT,AGRWTH,M,2018-11,1.9
EU28,TOT,AGRWTH,M,2018-12,1.6
EU28,TOT,AGRWTH,M,2019-01,1.4
EU28,TOT,AGRWTH,M,2019-02,1.6
EU28,TOT,AGRWTH,M,2019-03,1.6
EU28,TOT,AGRWTH,M,2019-04,1.9
EU28,TOT,AGRWTH,M,2019-05,1.5
EU28,TOT,AGRWTH,M,2019-06,1.5
EU28,TOT,AGRWTH,M,2019-07,1.3
EU28,TOT,AGRWTH,M,2019-08,1.3
EU28,TOT,AGRWTH,M,2019-09,1.1
EU28,TOT,AGRWTH,M,2019-10,1
EU28,TOT,AGRWTH,M,2019-11,1.3
EU28,TOT,AGRWTH,M,2019-12,1.6
EU28,TOT,AGRWTH,M,2020-01,1.7
EA19,TOT,AGRWTH,M,2017-11,1.5
EA19,TOT,AGRWTH,M,2017-12,1.3
EA19,TOT,AGRWTH,M,2018-01,1.3
EA19,TOT,AGRWTH,M,2018-02,1.1
EA19,TOT,AGRWTH,M,2018-03,1.4
EA19,TOT,AGRWTH,M,2018-04,1.2
EA19,TOT,AGRWTH,M,2018-05,2
EA19,TOT,AGRWTH,M,2018-06,2
EA19,TOT,AGRWTH,M,2018-07,2.2
EA19,TOT,AGRWTH,M,2018-08,2.1
EA19,TOT,AGRWTH,M,2018-09,2.1
EA19,TOT,AGRWTH,M,2018-10,2.3
EA19,TOT,AGRWTH,M,2018-11,1.9
EA19,TOT,AGRWTH,M,2018-12,1.5
EA19,TOT,AGRWTH,M,2019-01,1.4
EA19,TOT,AGRWTH,M,2019-02,1.5
EA19,TOT,AGRWTH,M,2019-03,1.4
EA19,TOT,AGRWTH,M,2019-04,1.7
EA19,TOT,AGRWTH,M,2019-05,1.2
EA19,TOT,AGRWTH,M,2019-06,1.3
EA19,TOT,AGRWTH,M,2019-07,1
EA19,TOT,AGRWTH,M,2019-08,1
EA19,TOT,AGRWTH,M,2019-09,0.8
EA19,TOT,AGRWTH,M,2019-10,0.7
EA19,TOT,AGRWTH,M,2019-11,1
EA19,TOT,AGRWTH,M,2019-12,1.3
EA19,TOT,AGRWTH,M,2020-01,1.4
EA19,TOT,AGRWTH,M,2020-02,1.2
EA19,TOT,AGRWTH,M,2020-03,0.7
EA19,TOT,AGRWTH,M,2020-04,0.3
EA19,TOT,AGRWTH,M,2020-05,0.1
EA19,TOT,AGRWTH,M,2020-06,0.3
EA19,TOT,AGRWTH,M,2020-07,0.4
EA19,TOT,AGRWTH,M,2020-08,-0.2
EA19,TOT,AGRWTH,M,2020-09,-0.3
EA19,TOT,AGRWTH,M,2020-10,-0.3
EA19,TOT,AGRWTH,M,2020-11,-0.3
EA19,TOT,AGRWTH,M,2020-12,-0.3
ARG,TOT,AGRWTH,M,2017-12,24.7956
ARG,TOT,AGRWTH,M,2018-01,25.00623
ARG,TOT,AGRWTH,M,2018-02,25.43711
ARG,TOT,AGRWTH,M,2018-03,25.39652
ARG,TOT,AGRWTH,M,2018-04,25.49816
ARG,TOT,AGRWTH,M,2018-05,26.29076
ARG,TOT,AGRWTH,M,2018-06,29.4665
ARG,TOT,AGRWTH,M,2018-07,31.20916
ARG,TOT,AGRWTH,M,2018-08,34.42611
ARG,TOT,AGRWTH,M,2018-09,40.54234
ARG,TOT,AGRWTH,M,2018-10,45.90969
ARG,TOT,AGRWTH,M,2018-11,48.46918
ARG,TOT,AGRWTH,M,2018-12,47.64559
ARG,TOT,AGRWTH,M,2019-01,49.31258
ARG,TOT,AGRWTH,M,2019-02,51.27571
ARG,TOT,AGRWTH,M,2019-03,54.73234
ARG,TOT,AGRWTH,M,2019-04,55.79512
ARG,TOT,AGRWTH,M,2019-05,57.29651
ARG,TOT,AGRWTH,M,2019-06,55.7519
ARG,TOT,AGRWTH,M,2019-07,54.38664
ARG,TOT,AGRWTH,M,2019-08,54.48256
ARG,TOT,AGRWTH,M,2019-09,53.54201
ARG,TOT,AGRWTH,M,2019-10,50.48531
ARG,TOT,AGRWTH,M,2019-11,52.09175
ARG,TOT,AGRWTH,M,2019-12,53.8324
ARG,TOT,AGRWTH,M,2020-01,52.85573
ARG,TOT,AGRWTH,M,2020-02,50.27489
ARG,TOT,AGRWTH,M,2020-03,48.35686
ARG,TOT,AGRWTH,M,2020-04,45.56293
ARG,TOT,AGRWTH,M,2020-05,43.42123
ARG,TOT,AGRWTH,M,2020-06,42.75875
ARG,TOT,AGRWTH,M,2020-07,42.39043
ARG,TOT,AGRWTH,M,2020-08,40.67294
ARG,TOT,AGRWTH,M,2020-09,36.62072
ARG,TOT,AGRWTH,M,2020-10,37.23904
ARG,TOT,AGRWTH,M,2020-11,35.79782
ARG,TOT,AGRWTH,M,2020-12,36.14059
ARG,TOT,AGRWTH,M,2021-01,38.53198
LTU,TOT,AGRWTH,M,2017-11,4.355991
LTU,TOT,AGRWTH,M,2017-12,3.914876
LTU,TOT,AGRWTH,M,2018-01,4.010922
LTU,TOT,AGRWTH,M,2018-02,3.474303
LTU,TOT,AGRWTH,M,2018-03,2.68353
LTU,TOT,AGRWTH,M,2018-04,2.341159
LTU,TOT,AGRWTH,M,2018-05,2.898324
LTU,TOT,AGRWTH,M,2018-06,2.628963
LTU,TOT,AGRWTH,M,2018-07,2.466976
LTU,TOT,AGRWTH,M,2018-08,2.12701
LTU,TOT,AGRWTH,M,2018-09,2.44541
LTU,TOT,AGRWTH,M,2018-10,2.94109
LTU,TOT,AGRWTH,M,2018-11,2.517488
LTU,TOT,AGRWTH,M,2018-12,1.896705
LTU,TOT,AGRWTH,M,2019-01,1.745512
LTU,TOT,AGRWTH,M,2019-02,2.051222
LTU,TOT,AGRWTH,M,2019-03,2.642004
LTU,TOT,AGRWTH,M,2019-04,2.83401
LTU,TOT,AGRWTH,M,2019-05,2.665631
LTU,TOT,AGRWTH,M,2019-06,2.474155
LTU,TOT,AGRWTH,M,2019-07,2.654106
LTU,TOT,AGRWTH,M,2019-08,2.635422
LTU,TOT,AGRWTH,M,2019-09,2.212718
LTU,TOT,AGRWTH,M,2019-10,1.641279
LTU,TOT,AGRWTH,M,2019-11,1.745825
LTU,TOT,AGRWTH,M,2019-12,2.723212
LTU,TOT,AGRWTH,M,2020-01,2.970036
LTU,TOT,AGRWTH,M,2020-02,2.786301
LTU,TOT,AGRWTH,M,2020-03,1.754376
LTU,TOT,AGRWTH,M,2020-04,1.022452
LTU,TOT,AGRWTH,M,2020-05,0.3000564
LTU,TOT,AGRWTH,M,2020-06,1.006559
LTU,TOT,AGRWTH,M,2020-07,1.048865
LTU,TOT,AGRWTH,M,2020-08,1.261471
LTU,TOT,AGRWTH,M,2020-09,0.7436699
LTU,TOT,AGRWTH,M,2020-10,0.7327076
LTU,TOT,AGRWTH,M,2020-11,0.6046705
LTU,TOT,AGRWTH,M,2020-12,0.2445556
LTU,TOT,AGRWTH,M,2021-01,0.2979346
CRI,TOT,AGRWTH,M,2017-11,2.491256
CRI,TOT,AGRWTH,M,2017-12,2.57375
CRI,TOT,AGRWTH,M,2018-01,2.407828
CRI,TOT,AGRWTH,M,2018-02,2.212385
CRI,TOT,AGRWTH,M,2018-03,2.613006
CRI,TOT,AGRWTH,M,2018-04,2.375909
CRI,TOT,AGRWTH,M,2018-05,2.035029
CRI,TOT,AGRWTH,M,2018-06,2.134208
CRI,TOT,AGRWTH,M,2018-07,2.083928
CRI,TOT,AGRWTH,M,2018-08,2.24008
CRI,TOT,AGRWTH,M,2018-09,2.211248
CRI,TOT,AGRWTH,M,2018-10,2.026565
CRI,TOT,AGRWTH,M,2018-11,2.293154
CRI,TOT,AGRWTH,M,2018-12,2.027401
CRI,TOT,AGRWTH,M,2019-01,1.666354
CRI,TOT,AGRWTH,M,2019-02,1.53509
CRI,TOT,AGRWTH,M,2019-03,1.419206
CRI,TOT,AGRWTH,M,2019-04,2.069145
CRI,TOT,AGRWTH,M,2019-05,2.322338
CRI,TOT,AGRWTH,M,2019-06,2.421081
CRI,TOT,AGRWTH,M,2019-07,2.890066
CRI,TOT,AGRWTH,M,2019-08,2.855662
CRI,TOT,AGRWTH,M,2019-09,2.528633
CRI,TOT,AGRWTH,M,2019-10,2.072897
CRI,TOT,AGRWTH,M,2019-11,1.855806
CRI,TOT,AGRWTH,M,2019-12,1.522089
CRI,TOT,AGRWTH,M,2020-01,1.582735
CRI,TOT,AGRWTH,M,2020-02,1.790117
CRI,TOT,AGRWTH,M,2020-03,1.907455
CRI,TOT,AGRWTH,M,2020-04,0.8913564
CRI,TOT,AGRWTH,M,2020-05,0.6083542
CRI,TOT,AGRWTH,M,2020-06,0.3114601
CRI,TOT,AGRWTH,M,2020-07,-0.1651694
CRI,TOT,AGRWTH,M,2020-08,-0.07056879
CRI,TOT,AGRWTH,M,2020-09,0.2997063
CRI,TOT,AGRWTH,M,2020-10,0.452411
CRI,TOT,AGRWTH,M,2020-11,0.2438729
CRI,TOT,AGRWTH,M,2020-12,0.8929022
CRI,TOT,AGRWTH,M,2021-01,0.9594356
G-20,TOT,AGRWTH,M,2017-11,2.504778
G-20,TOT,AGRWTH,M,2017-12,2.487996
G-20,TOT,AGRWTH,M,2018-01,2.711561
G-20,TOT,AGRWTH,M,2018-02,2.901175
G-20,TOT,AGRWTH,M,2018-03,2.788832
G-20,TOT,AGRWTH,M,2018-04,2.720077
G-20,TOT,AGRWTH,M,2018-05,2.916018
G-20,TOT,AGRWTH,M,2018-06,3.134463
G-20,TOT,AGRWTH,M,2018-07,3.486851
G-20,TOT,AGRWTH,M,2018-08,3.552769
G-20,TOT,AGRWTH,M,2018-09,3.673762
G-20,TOT,AGRWTH,M,2018-10,3.856497
G-20,TOT,AGRWTH,M,2018-11,3.524922
G-20,TOT,AGRWTH,M,2018-12,3.32784
G-20,TOT,AGRWTH,M,2019-01,3.237638
G-20,TOT,AGRWTH,M,2019-02,3.258571
G-20,TOT,AGRWTH,M,2019-03,3.602407
G-20,TOT,AGRWTH,M,2019-04,3.874578
G-20,TOT,AGRWTH,M,2019-05,3.80868
G-20,TOT,AGRWTH,M,2019-06,3.598633
G-20,TOT,AGRWTH,M,2019-07,3.367208
G-20,TOT,AGRWTH,M,2019-08,3.319335
G-20,TOT,AGRWTH,M,2019-09,3.191841
G-20,TOT,AGRWTH,M,2019-10,3.28685
G-20,TOT,AGRWTH,M,2019-11,3.718874
G-20,TOT,AGRWTH,M,2019-12,4.016888
G-20,TOT,AGRWTH,M,2020-01,4.068753
G-20,TOT,AGRWTH,M,2020-02,3.885757
G-20,TOT,AGRWTH,M,2020-03,3.227622
G-20,TOT,AGRWTH,M,2020-04,2.439021
G-20,TOT,AGRWTH,M,2020-05,2.117313
G-20,TOT,AGRWTH,M,2020-06,2.360782
G-20,TOT,AGRWTH,M,2020-07,2.462739
G-20,TOT,AGRWTH,M,2020-08,2.557467
G-20,TOT,AGRWTH,M,2020-09,2.438727
G-20,TOT,AGRWTH,M,2020-10,2.245727
G-20,TOT,AGRWTH,M,2020-11,2.018689
G-20,TOT,AGRWTH,M,2020-12,2.039726
EU27_2020,TOT,AGRWTH,M,2017-11,1.6
EU27_2020,TOT,AGRWTH,M,2017-12,1.4
EU27_2020,TOT,AGRWTH,M,2018-01,1.4
EU27_2020,TOT,AGRWTH,M,2018-02,1.2
EU27_2020,TOT,AGRWTH,M,2018-03,1.4
EU27_2020,TOT,AGRWTH,M,2018-04,1.3
EU27_2020,TOT,AGRWTH,M,2018-05,2
EU27_2020,TOT,AGRWTH,M,2018-06,2
EU27_2020,TOT,AGRWTH,M,2018-07,2.2
EU27_2020,TOT,AGRWTH,M,2018-08,2.1
EU27_2020,TOT,AGRWTH,M,2018-09,2.1
EU27_2020,TOT,AGRWTH,M,2018-10,2.3
EU27_2020,TOT,AGRWTH,M,2018-11,1.9
EU27_2020,TOT,AGRWTH,M,2018-12,1.6
EU27_2020,TOT,AGRWTH,M,2019-01,1.4
EU27_2020,TOT,AGRWTH,M,2019-02,1.6
EU27_2020,TOT,AGRWTH,M,2019-03,1.6
EU27_2020,TOT,AGRWTH,M,2019-04,1.9
EU27_2020,TOT,AGRWTH,M,2019-05,1.5
EU27_2020,TOT,AGRWTH,M,2019-06,1.5
EU27_2020,TOT,AGRWTH,M,2019-07,1.3
EU27_2020,TOT,AGRWTH,M,2019-08,1.3
EU27_2020,TOT,AGRWTH,M,2019-09,1.1
EU27_2020,TOT,AGRWTH,M,2019-10,1
EU27_2020,TOT,AGRWTH,M,2019-11,1.3
EU27_2020,TOT,AGRWTH,M,2019-12,1.6
EU27_2020,TOT,AGRWTH,M,2020-01,1.7
EU27_2020,TOT,AGRWTH,M,2020-02,1.6
EU27_2020,TOT,AGRWTH,M,2020-03,1.1
EU27_2020,TOT,AGRWTH,M,2020-04,0.6
EU27_2020,TOT,AGRWTH,M,2020-05,0.5
EU27_2020,TOT,AGRWTH,M,2020-06,0.7
EU27_2020,TOT,AGRWTH,M,2020-07,0.8
EU27_2020,TOT,AGRWTH,M,2020-08,0.4
EU27_2020,TOT,AGRWTH,M,2020-09,0.2
EU27_2020,TOT,AGRWTH,M,2020-10,0.2
EU27_2020,TOT,AGRWTH,M,2020-11,0.2
EU27_2020,TOT,AGRWTH,M,2020-12,0.2
